Workbook

Sheet Инструкция к работе
A1: Инструкция по работе:
A3: Нужно заполнить листы Москва, СПб, Новосибирск и Екатеринбург.
A5: Информацию нужно брать с листов Фрахт, Drop Off, ж.д. и Охрана
A7: Примечания:
A8: 1. Трансконтейнер в папке Фрахт содержит сразу конечную стоимость перевозки до конкретных назначений. Там не нужно дополнительно ничего складывать из других листов
A9: 2. Стоимость до разных городов зависит от стоимость дропа в городах и жд до этого города. Внимательно обращайте на это внимание при работе. Фрахт же не зависит от города назначения. Он одинаковый вне зависимости от города.

Sheet Фрахт
A2: POD | B2: Линия | C2: POL | D2: Фрахт
D4: 20 | E4: 40
A5: NINGBO | B5: HUAXIN | C5: СОЛЛЕРС | D5: 4336 | E5: 7272
A6: SHANGHAI | B6: HUAXIN (TAICANG) | C6: СОЛЛЕРС | D6: 4086 | E6: 6872
A7: QINGDAO | B7: HUAXIN | C7: СОЛЛЕРС | D7: 4086 | E7: 6872
A8: XIAMEN | B8: HUAXIN | C8: СОЛЛЕРС | D8: 4436 | E8: 7372
A9: XINGANG | B9: HUAXIN | C9: СОЛЛЕРС | D9: 4586 | E9: 7572
A10: YANTIAN | B10: HUAXIN | C10: СОЛЛЕРС | D10: 4586 | E10: 7572
A12: NINGBO | B12: ТоргМолл | C12: ВСК | D12: 3600 | E12: 6400
A13: SHANGHAI | B13: ТоргМолл | C13: ВСК | D13: 3600 | E13: 6000
A14: QINGDAO | B14: ТоргМолл | C14: ВСК | D14: 3600 | E14: 6000
A15: XIAMEN | B15: ТоргМолл (Taicang) | C15: ВСК | D15: - | E15: -
A16: XINGANG | B16: ТоргМолл | C16: ВСК | D16: 3600 | E16: 6000
A17: YANTIAN | B17: ТоргМолл | C17: ВСК | D17: - | E17: -
A19: NINGBO | B19: EuroEast | C19: СОЛЛЕРС | D19: 4350 | E19: 6215
A20: SHANGHAI | B20: EuroEast | C20: СОЛЛЕРС | D20: - | E20: -
A21: QINGDAO | B21: EuroEast | C21: СОЛЛЕРС | D21: 4350 | E21: 6215
A22: XIAMEN | B22: EuroEast | C22: СОЛЛЕРС | D22: - | E22: -
A23: XINGANG | B23: EuroEast | C23: СОЛЛЕРС | D23: - | E23: -
A24: YANTIAN | B24: EuroEast | C24: СОЛЛЕРС | D24: - | E24: -
A26: NINGBO | B26: ФЕСКО | C26: ВМТП (Феско) | D26: 5500 | E26: 7500
A27: SHANGHAI | B27: ФЕСКО | C27: ВМТП (Феско) | D27: 5500 | E27: 7500
A28: QINGDAO | B28: ФЕСКО | C28: ВМТП (Феско) | D28: 5500 | E28: 7500
A29: XIAMEN | B29: ФЕСКО | C29: ВМТП (Феско) | D29: 5500 | E29: 8500
A30: XINGANG | B30: ФЕСКО | C30: ВМТП (Феско) | D30: 5500 | E30: 7500
A31: YANTIAN | B31: ФЕСКО | C31: ВМТП (Феско) | D31: 5500 | E31: 8500
A33: NINGBO | B33: SINOKOR | C33: ВСК | D33: 4725 | E33: 7875
A34: SHANGHAI | B34: SINOKOR | C34: ВСК | D34: 4725 | E34: 7875
A35: QINGDAO | B35: SINOKOR | C35: ВСК | D35: 4725 | E35: 7875
A36: XIAMEN | B36: SINOKOR | C36: ВСК | D36: 5250 | E36: 7875
A37: XINGANG | B37: SINOKOR | C37: ВСК | D37: 4725 | E37: 7875
A38: YANTIAN | B38: SINOKOR | C38: ВСК | D38: 5775 | E38: 8400
... A63: QINGDAO | B63: SASCO | C63: ВМКТ | D63: 4700 | E63: 5700
A64: XIAMEN | B64: SASCO | C64: ВМКТ | D64: - | E64: -
A65: XINGANG | B65: SASCO | C65: ВМКТ | D65: - | E65: -
A66: YANTIAN | B66: SASCO | C66: ВМКТ | D66: - | E66: -
A68: NINGBO | B68: Хасан | C68: Соллерс (Хасан) | D68: 4430 | E68: 5720
A69: SHANGHAI | B69: Хасан | C69: Соллерс (Хасан) | D69: - | E69: -
A70: QINGDAO | B70: Хасан | C70: Соллерс (Хасан) | D70: 3914 | E70: 5720
A71: XIAMEN | B71: Хасан | C71: Соллерс (Хасан) | D71: - | E71: -
A72: XINGANG | B72: Хасан | C72: Соллерс (Хасан) | D72: - | E72: -
A73: YANTIAN | B73: Хасан | C73: Соллерс (Хасан) | D73: - | E73: -
A75: NINGBO | B75: ФЕСКО | C75: ВМТП (Феско ост.) | D75: 5500 | E75: 7500
A76: SHANGHAI | B76: ФЕСКО | C76: ВМТП (Феско ост.) | D76: 5500 | E76: 7500
A77: QINGDAO | B77: ФЕСКО | C77: ВМТП (Феско ост.) | D77: 5500 | E77: 7500
A78: XIAMEN | B78: ФЕСКО | C78: ВМТП (Феско ост.) | D78: 5500 | E78: 8500
A79: XINGANG | B79: ФЕСКО | C79: ВМТП (Феско ост.) | D79: 5500 | E79: 7500
A80: YANTIAN | B80: ФЕСКО | C80: ВМТП (Феско ост.) | D80: 5500 | E80: 8500

Sheet Фрахт Транс
A1: У ТрансКонтейнера ставки фрахт + ЖД. У них сразу итоговый вариант ставки без разбивки.
B2: Москва | E2: СПб | H2: Новосибирск | K2: Екатеринбург
B3: Москва | C3: Москва | D3: Москва | E3: СПб | F3: СПб | G3: СПб | H3: Новосибирск | I3: Новосибирск | J3: Новосибирск | K3: Екатеринбург | L3: Екатеринбург | M3: Екатеринбург
B4: 20<24т | C4: 20<28т | D4: 40 | E4: 20<24т | F4: 20<28т | G4: 40 | H4: 20<24т | I4: 20<28т | J4: 40 | K4: 20<24т | L4: 20<28т | M4: 40
A5: ВСК (ТК) Ningbo | B5: 354626 | C5: 372164 | D5: 566328 | E5: 345130 | F5: 363122 | G5: 573573 | H5: 330537 | I5: 344442 | J5: 524386 | K5: 336212 | L5: 351706 | M5: 535736
A6: ВСК (ТК) Shanghai | B6: 356456 | C6: 373994 | D6: 519968 | E6: 346960 | F6: 364952 | G6: 527213 | H6: 332367 | I6: 346272 | J6: 478026 | K6: 338042 | L6: 353536 | M6: 489376
A7: ВСК (ТК) Qingdao | B7: 356456 | C7: 373994 | D7: 532168 | E7: 346960 | F7: 364952 | G7: 539413 | H7: 332367 | I7: 346272 | J7: 490226 | K7: 338042 | L7: 353536 | M7: 501576
A8: ВСК (ТК) Xiamen | B8: 423556 | C8: 441094 | D8: 599268 | E8: 414060 | F8: 432052 | G8: 606513 | H8: 399467 | I8: 413372 | J8: 557326 | K8: 405142 | L8: 420636 | M8: 568676
A9: ВСК (ТК) Xingang | B9: 356456 | C9: 373994 | D9: 538268 | E9: 346960 | F9: 364952 | G9: 545513 | H9: 332367 | I9: 346272 | J9: 496326 | K9: 338042 | L9: 353536 | M9: 507676
A10: ВСК (ТК) Yantian | B10: 399156 | C10: 416694 | D10: 587068 | E10: 389660 | F10: 407652 | G10: 594313 | H10: 375067 | I10: 388972 | J10: 545126 | K10: 380742 | L10: 396236 | M10: 556476

Sheet Drop off
A2: Линия | B2: Локация
B3: Москва | D3: СПб | F3: Новосибирск | H3: Екатеринбург
B4: Москва | C4: Москва | D4: СПб | E4: СПб | F4: Новосибирск | G4: Новосибирск | H4: Екатеринбург | I4: Екатеринбург
B5: 20 | C5: 40 | D5: 20 | E5: 40 | F5: 20 | G5: 40 | H5: 20 | I5: 40
A6: Трансконтейнер (Сквозной сервис) | B6: 0 | C6: 0 | D6: 0 | E6: 0 | F6: 0 | G6: 0 | H6: 0 | I6: 0
A7: Хасан | B7: 100 | C7: 100 | D7: - | E7: - | F7: 450 | G7: 450 | H7: 450 | I7: 450
A8: SASCO | B8: 0 | C8: 0 | D8: 0 | E8: 0 | F8: 0 | G8: 0 | H8: 0 | I8: 0
A9: ТоргМолл (Taicang) | B9: 0 | C9: 0 | D9: 0 | E9: 0 | F9: 0 | G9: 0 | H9: 0 | I9: 0
A10: ФЕСКО | B10: 0 | C10: 0 | D10: 0 | E10: 0 | F10: 0 | G10: 0 | H10: 0 | I10: 0
A11: SINOKOR | B11: 945 | C11: 630 | D11: 1260 | E11: 945 | F11: 945 | G11: 630 | H11: 630 | I11: 945
A12: HUAXIN | B12: 700 | C12: 700 | D12: 0 | E12: 0 | F12: 150 | G12: 150 | H12: 300 | I12: 300
A13: ТоргМолл | B13: 0 | C13: 0 | D13: 0 | E13: 0 | F13: 0 | G13: 0 | H13: 0 | I13: 0
A14: EuroEast | B14: 0 | C14: 0 | D14: 0 | E14: 0 | F14: 0 | G14: 0 | H14: 0 | I14: 0

Sheet ж.д.
O1: 16 значений
A2: Терминал | B2: Локация
B3: Москва | E3: СПб | H3: Новосибирск | K3: Екатеринбург
B4: Москва | C4: Москва | D4: Москва | E4: СПб | F4: СПб | G4: СПб | H4: Новосибирск | I4: Новосибирск | J4: Новосибирск | K4: Екатеринбург | L4: Екатеринбург | M4: Екатеринбург
B5: 20<24т | C5: 20<28т | D5: 40 | E5: 20<24т | F5: 20<28т | G5: 40 | H5: 20<24т | I5: 20<28т | J5: 40 | K5: 20<24т | L5: 20<28т | M5: 40
A6: ВСК | B6: 122400 | C6: 139800 | D6: 224600 | E6: 124800 | F6: 143000 | G6: 211800 | H6: 99200 | I6: 113100 | J6: 176500 | K6: 105900 | L6: 122100 | M6: 196200
A7: ВМТП | B7: 141000 | C7: 156600 | D7: 261000 | E7: 125800 | F7: 141805 | G7: 211100 | H7: 103000 | I7: 115325 | J7: 184000 | K7: 109000 | L7: 122755 | M7: 203500
A8: ВМКТ | B8: 125000 | C8: 140000 | D8: 227000 | E8: 120000 | F8: 137000 | G8: 200000 | H8: 101000 | I8: 115000 | J8: 175000 | K8: 105000 | L8: 120000 | M8: 192000
A9: ВМПП | B9: 134400 | C9: 149400 | D9: 235000 | E9: 107400 | F9: 123400 | G9: 187400 | H9: 103900 | I9: 114900 | J9: 182400 | K9: 108400 | L9: 122400 | M9: 200400
A10: СОЛЛЕРС | B10: 134400 | C10: 149400 | D10: 235000 | E10: 107400 | F10: 123400 | G10: 187400 | H10: 103900 | I10: 114900 | J10: 182400 | K10: 108400 | L10: 122400 | M10: 200400
A11: ВМТП (Феско) | B11: 167600 | C11: 181540 | D11: 292000 | E11: 144300 | F11: 160305 | G11: 247100 | H11: 93100 | I11: 104115 | J11: 168000 | K11: 97300 | L11: 109595 | M11: 195500
A12: ВМТП (Феско ост.) | B12: 173730 | C12: 191045 | D12: 303815 | E12: 150590 | F12: 168355 | G12: 259240 | H12: 97945 | I12: 111625 | J12: 177245 | K12: 102705 | L12: 117975 | M12: 205870
A13: Соллерс (Хасан) | B13: 122400 | C13: 139800 | D13: 155000 | E13: - | F13: - | G13: - | H13: - | I13: - | J13: - | K13: - | L13: - | M13: -

Sheet Охрана
A2: Терминал | B2: Локация
B3: Москва | D3: СПб | F3: Новосибирск | H3: Екатеринбург
B4: Москва | C4: Москва | D4: СПб | E4: СПб | F4: Новосибирск | G4: Новосибирск | H4: Екатеринбург | I4: Екатеринбург
B5: 20 | C5: 40 | D5: 20 | E5: 40 | F5: 20 | G5: 40 | H5: 20 | I5: 40
A6: ВСК | B6: 3394 | C6: 6801 | D6: 3394 | E6: 6801 | F6: 2140 | G6: 4427 | H6: 2439 | I6: 4939
A7: ВМТП | B7: 3822 | C7: 6910 | D7: 4144 | E7: 7551 | F7: 2740 | G7: 4829 | H7: 3189 | I7: 5689
A8: ВМКТ | B8: 4100 | C8: 8200 | D8: 4100 | E8: 8200 | F8: 2400 | G8: 4900 | H8: 3000 | I8: 6000
A9: ВМПП | B9: 3394 | C9: 6801 | D9: 3394 | E9: 6801 | F9: 1990 | G9: 4079 | H9: 2439 | I9: 4939
A10: СОЛЛЕРС | B10: 3394 | C10: 6801 | D10: 3394 | E10: 6801 | F10: 1990 | G10: 4079 | H10: 2439 | I10: 4939
A11: ВМТП (Феско) | B11: 3822 | C11: 6910 | D11: 4144 | E11: 7551 | F11: 2740 | G11: 4829 | H11: 3189 | I11: 5689
A12: ВМТП (Феско ост.) | B12: 3822 | C12: 6910 | D12: 4144 | E12: 7551 | F12: 2740 | G12: 4829 | H12: 3189 | I12: 5689

Sheet Москва
A1: POL | B1: POL | C1: Экспедитор | D1: Терминал ДВ | E1: Фрахт | G1: дроп-офф | I1: жд тариф | L1: Итого | O1: ВОХР | R1: Курс | S1: 60
E2: 20 | F2: 40 | G2: 20 | H2: 40 | I2: 20<24т | J2: 20<28т | K2: 40 | L2: 20<24т | M2: 20<28т | N2: 40 | O2: 20 | P2: 40 | R2: Имя листа | S2: {=_xlfn.TEXTAFTER(CELL("filename", A1), "]")} -> Москва
A3: NINGBO | B3: NINGBO | C3: Трансконтейнер (Сквозной сервис) | D3: ВСК (ТК) Ningbo | E3: {=IFERROR(_xlfn.XLOOKUP(1, (Фрахт!$A$5:$A$80 = $A3)* (Фрахт!$B$5:$B$80 = $C3) * (Фрахт!$C$5:$C$80 =$D3), _xlfn.XLOOKUP(1, (Фрахт!$D$4:$E$4 = E$2) * 1, Фрахт!$D$5:$E$80)) * $S$1, "-")} -> - | F3: {=IFERROR(_xlfn.XLOOKUP(1, (Фрахт!$A$5:$A$80 = $A3)* (Фрахт!$B$5:$B$80 = $C3) * (Фрахт!$C$5:$C$80 =$D3), _xlfn.XLOOKUP(1, (Фрахт!$D$4:$E$4 = F$2) * 1, Фрахт!$D$5:$E$80)) * $S$1, "-")} -> - | G3: {=IFERROR(_xlfn.XLOOKUP(1, ('Drop off'!$A$6:$A$14 = $C3) * 1, _xlfn.XLOOKUP(1, ('Drop off'!$B$5:$I$5 = G$2) * ('Drop off'!$B$4:$I$4 = $S$2), 'Drop off'!$B$6:$I$14)) * $S$1, "-")} -> 0 | H3: {=IFERROR(_xlfn.XLOOKUP(1, ('Drop off'!$A$6:$A$14 = $C3) * 1, _xlfn.XLOOKUP(1, ('Drop off'!$B$5:$I$5 = H$2) * ('Drop off'!$B$4:$I$4 = $S$2), 'Drop off'!$B$6:$I$14)) * $S$1, "-")} -> 0 | I3: {=IFERROR(_xlfn.XLOOKUP(1, ('ж.д.'!$A$6:$A$14 = $D3) * 1, _xlfn.XLOOKUP(1, ('ж.д.'!$B$5:$M$5 = I$2) * ('ж.д.'!$B$4:$M$4 = $S$2), 'ж.д.'!$B$6:$M$14)), "-")} -> - | J3: {=IFERROR(_xlfn.XLOOKUP(1, ('ж.д.'!$A$6:$A$14 = $D3) * 1, _xlfn.XLOOKUP(1, ('ж.д.'!$B$5:$M$5 = J$2) * ('ж.д.'!$B$4:$M$4 = $S$2), 'ж.д.'!$B$6:$M$14)), "-")} -> - | K3: {=IFERROR(_xlfn.XLOOKUP(1, ('ж.д.'!$A$6:$A$14 = $D3) * 1, _xlfn.XLOOKUP(1, ('ж.д.'!$B$5:$M$5 = K$2) * ('ж.д.'!$B$4:$M$4 = $S$2), 'ж.д.'!$B$6:$M$14)), "-")} -> - | L3: {=IF(ISNUMBER(SEARCH("Транс",$C3)),_xlfn.XLOOKUP(1,('Фрахт Транс'!$A$5:$A$10=$D3)*1,_xlfn.XLOOKUP(1,('Фрахт Транс'!$B$3:$M$3 = $S$2)*('Фрахт Транс'!$B$4:$M$4=L$2),'Фрахт Транс'!$B$5:$M$10)),SUM($E3, $G3, $I3, $O3))} -> 354626 | M3: {=IF(ISNUMBER(SEARCH("Транс",$C3)),_xlfn.XLOOKUP(1,('Фрахт Транс'!$A$5:$A$10=$D3)*1,_xlfn.XLOOKUP(1,('Фрахт Транс'!$B$3:$M$3=$S$2)*('Фрахт Транс'!$B$4:$M$4=M$2),'Фрахт Транс'!$B$5:$M$10)),SUM($E3, $G3, $J3, $O3))} -> 372164 | N3: {=IF(ISNUMBER(SEARCH("Транс",$C3)),_xlfn.XLOOKUP(1,('Фрахт Транс'!$A$5:$A$10=$D3)*1,_xlfn.XLOOKUP(1,('Фрахт Транс'!$B$3:$M$3=$S$2)*('Фрахт Транс'!$B$4:$M$4=N$2),'Фрахт Транс'!$B$5:$M$10)),SUM($F3, $H3, $K3, $P3))} -> 566328 | O3: {=IFERROR(_xlfn.XLOOKUP(1, (Охрана!$A$6:$A$14 = $D3) * 1, _xlfn.XLOOKUP(1, (Охрана!$B$5:$M$5 = O$2) * (Охрана!$B$4:$M$4 = $S$2), Охрана!$B$6:$M$14)), "-")} -> - | P3: {=IFERROR(_xlfn.XLOOKUP(1, (Охрана!$A$6:$A$14 = $D3) * 1, _xlfn.XLOOKUP(1, (Охрана!$B$5:$M$5 = P$2) * (Охрана!$B$4:$M$4 = $S$2), Охрана!$B$6:$M$14)), "-")} -> -
A4: NINGBO | C4: ФЕСКО | D4: ВМТП (Феско) | E4: {=IFERROR(_xlfn.XLOOKUP(1, (Фрахт!$A$5:$A$80 = $A4)* (Фрахт!$B$5:$B$80 = $C4) * (Фрахт!$C$5:$C$80 =$D4), _xlfn.XLOOKUP(1, (Фрахт!$D$4:$E$4 = E$2) * 1, Фрахт!$D$5:$E$80)) * $S$1, "-")} -> 330000 | F4: {=IFERROR(_xlfn.XLOOKUP(1, (Фрахт!$A$5:$A$80 = $A4)* (Фрахт!$B$5:$B$80 = $C4) * (Фрахт!$C$5:$C$80 =$D4), _xlfn.XLOOKUP(1, (Фрахт!$D$4:$E$4 = F$2) * 1, Фрахт!$D$5:$E$80)) * $S$1, "-")} -> 450000 | G4: {=IFERROR(_xlfn.XLOOKUP(1, ('Drop off'!$A$6:$A$14 = $C4) * 1, _xlfn.XLOOKUP(1, ('Drop off'!$B$5:$I$5 = G$2) * ('Drop off'!$B$4:$I$4 = $S$2), 'Drop off'!$B$6:$I$14)) * $S$1, "-")} -> 0 | H4: {=IFERROR(_xlfn.XLOOKUP(1, ('Drop off'!$A$6:$A$14 = $C4) * 1, _xlfn.XLOOKUP(1, ('Drop off'!$B$5:$I$5 = H$2) * ('Drop off'!$B$4:$I$4 = $S$2), 'Drop off'!$B$6:$I$14)) * $S$1, "-")} -> 0 | I4: {=IFERROR(_xlfn.XLOOKUP(1, ('ж.д.'!$A$6:$A$14 = $D4) * 1, _xlfn.XLOOKUP(1, ('ж.д.'!$B$5:$M$5 = I$2) * ('ж.д.'!$B$4:$M$4 = $S$2), 'ж.д.'!$B$6:$M$14)), "-")} -> 167600 | J4: {=IFERROR(_xlfn.XLOOKUP(1, ('ж.д.'!$A$6:$A$14 = $D4) * 1, _xlfn.XLOOKUP(1, ('ж.д.'!$B$5:$M$5 = J$2) * ('ж.д.'!$B$4:$M$4 = $S$2), 'ж.д.'!$B$6:$M$14)), "-")} -> 181540 | K4: {=IFERROR(_xlfn.XLOOKUP(1, ('ж.д.'!$A$6:$A$14 = $D4) * 1, _xlfn.XLOOKUP(1, ('ж.д.'!$B$5:$M$5 = K$2) * ('ж.д.'!$B$4:$M$4 = $S$2), 'ж.д.'!$B$6:$M$14)), "-")} -> 292000 | L4: {=IF(ISNUMBER(SEARCH("Транс",$C4)),_xlfn.XLOOKUP(1,('Фрахт Транс'!$A$5:$A$10=$D4)*1,_xlfn.XLOOKUP(1,('Фрахт Транс'!$B$3:$M$3 = $S$2)*('Фрахт Транс'!$B$4:$M$4=L$2),'Фрахт Транс'!$B$5:$M$10)),SUM($E4, $G4, $I4, $O4))} -> 501422 | M4: {=IF(ISNUMBER(SEARCH("Транс",$C4)),_xlfn.XLOOKUP(1,('Фрахт Транс'!$A$5:$A$10=$D4)*1,_xlfn.XLOOKUP(1,('Фрахт Транс'!$B$3:$M$3=$S$2)*('Фрахт Транс'!$B$4:$M$4=M$2),'Фрахт Транс'!$B$5:$M$10)),SUM($E4, $G4, $J4, $O4))} -> 515362 | N4: {=IF(ISNUMBER(SEARCH("Транс",$C4)),_xlfn.XLOOKUP(1,('Фрахт Транс'!$A$5:$A$10=$D4)*1,_xlfn.XLOOKUP(1,('Фрахт Транс'!$B$3:$M$3=$S$2)*('Фрахт Транс'!$B$4:$M$4=N$2),'Фрахт Транс'!$B$5:$M$10)),SUM($F4, $H4, $K4, $P4))} -> 748910 | O4: {=IFERROR(_xlfn.XLOOKUP(1, (Охрана!$A$6:$A$14 = $D4) * 1, _xlfn.XLOOKUP(1, (Охрана!$B$5:$M$5 = O$2) * (Охрана!$B$4:$M$4 = $S$2), Охрана!$B$6:$M$14)), "-")} -> 3822 | P4: {=IFERROR(_xlfn.XLOOKUP(1, (Охрана!$A$6:$A$14 = $D4) * 1, _xlfn.XLOOKUP(1, (Охрана!$B$5:$M$5 = P$2) * (Охрана!$B$4:$M$4 = $S$2), Охрана!$B$6:$M$14)), "-")} -> 6910
A5: NINGBO | C5: ФЕСКО | D5: ВМТП (Феско ост.) | E5: {=IFERROR(_xlfn.XLOOKUP(1, (Фрахт!$A$5:$A$80 = $A5)* (Фрахт!$B$5:$B$80 = $C5) * (Фрахт!$C$5:$C$80 =$D5), _xlfn.XLOOKUP(1, (Фрахт!$D$4:$E$4 = E$2) * 1, Фрахт!$D$5:$E$80)) * $S$1, "-")} -> 330000 | F5: {=IFERROR(_xlfn.XLOOKUP(1, (Фрахт!$A$5:$A$80 = $A5)* (Фрахт!$B$5:$B$80 = $C5) * (Фрахт!$C$5:$C$80 =$D5), _xlfn.XLOOKUP(1, (Фрахт!$D$4:$E$4 = F$2) * 1, Фрахт!$D$5:$E$80)) * $S$1, "-")} -> 450000 | G5: {=IFERROR(_xlfn.XLOOKUP(1, ('Drop off'!$A$6:$A$14 = $C5) * 1, _xlfn.XLOOKUP(1, ('Drop off'!$B$5:$I$5 = G$2) * ('Drop off'!$B$4:$I$4 = $S$2), 'Drop off'!$B$6:$I$14)) * $S$1, "-")} -> 0 | H5: {=IFERROR(_xlfn.XLOOKUP(1, ('Drop off'!$A$6:$A$14 = $C5) * 1, _xlfn.XLOOKUP(1, ('Drop off'!$B$5:$I$5 = H$2) * ('Drop off'!$B$4:$I$4 = $S$2), 'Drop off'!$B$6:$I$14)) * $S$1, "-")} -> 0 | I5: {=IFERROR(_xlfn.XLOOKUP(1, ('ж.д.'!$A$6:$A$14 = $D5) * 1, _xlfn.XLOOKUP(1, ('ж.д.'!$B$5:$M$5 = I$2) * ('ж.д.'!$B$4:$M$4 = $S$2), 'ж.д.'!$B$6:$M$14)), "-")} -> 173730 | J5: {=IFERROR(_xlfn.XLOOKUP(1, ('ж.д.'!$A$6:$A$14 = $D5) * 1, _xlfn.XLOOKUP(1, ('ж.д.'!$B$5:$M$5 = J$2) * ('ж.д.'!$B$4:$M$4 = $S$2), 'ж.д.'!$B$6:$M$14)), "-")} -> 191045 | K5: {=IFERROR(_xlfn.XLOOKUP(1, ('ж.д.'!$A$6:$A$14 = $D5) * 1, _xlfn.XLOOKUP(1, ('ж.д.'!$B$5:$M$5 = K$2) * ('ж.д.'!$B$4:$M$4 = $S$2), 'ж.д.'!$B$6:$M$14)), "-")} -> 303815 | L5: {=IF(ISNUMBER(SEARCH("Транс",$C5)),_xlfn.XLOOKUP(1,('Фрахт Транс'!$A$5:$A$10=$D5)*1,_xlfn.XLOOKUP(1,('Фрахт Транс'!$B$3:$M$3 = $S$2)*('Фрахт Транс'!$B$4:$M$4=L$2),'Фрахт Транс'!$B$5:$M$10)),SUM($E5, $G5, $I5, $O5))} -> 507552 | M5: {=IF(ISNUMBER(SEARCH("Транс",$C5)),_xlfn.XLOOKUP(1,('Фрахт Транс'!$A$5:$A$10=$D5)*1,_xlfn.XLOOKUP(1,('Фрахт Транс'!$B$3:$M$3=$S$2)*('Фрахт Транс'!$B$4:$M$4=M$2),'Фрахт Транс'!$B$5:$M$10)),SUM($E5, $G5, $J5, $O5))} -> 524867 | N5: {=IF(ISNUMBER(SEARCH("Транс",$C5)),_xlfn.XLOOKUP(1,('Фрахт Транс'!$A$5:$A$10=$D5)*1,_xlfn.XLOOKUP(1,('Фрахт Транс'!$B$3:$M$3=$S$2)*('Фрахт Транс'!$B$4:$M$4=N$2),'Фрахт Транс'!$B$5:$M$10)),SUM($F5, $H5, $K5, $P5))} -> 760725 | O5: {=IFERROR(_xlfn.XLOOKUP(1, (Охрана!$A$6:$A$14 = $D5) * 1, _xlfn.XLOOKUP(1, (Охрана!$B$5:$M$5 = O$2) * (Охрана!$B$4:$M$4 = $S$2), Охрана!$B$6:$M$14)), "-")} -> 3822 | P5: {=IFERROR(_xlfn.XLOOKUP(1, (Охрана!$A$6:$A$14 = $D5) * 1, _xlfn.XLOOKUP(1, (Охрана!$B$5:$M$5 = P$2) * (Охрана!$B$4:$M$4 = $S$2), Охрана!$B$6:$M$14)), "-")} -> 6910
A6: NINGBO | C6: SINOKOR | D6: ВСК | E6: {=IFERROR(_xlfn.XLOOKUP(1, (Фрахт!$A$5:$A$80 = $A6)* (Фрахт!$B$5:$B$80 = $C6) * (Фрахт!$C$5:$C$80 =$D6), _xlfn.XLOOKUP(1, (Фрахт!$D$4:$E$4 = E$2) * 1, Фрахт!$D$5:$E$80)) * $S$1, "-")} -> 283500 | F6: {=IFERROR(_xlfn.XLOOKUP(1, (Фрахт!$A$5:$A$80 = $A6)* (Фрахт!$B$5:$B$80 = $C6) * (Фрахт!$C$5:$C$80 =$D6), _xlfn.XLOOKUP(1, (Фрахт!$D$4:$E$4 = F$2) * 1, Фрахт!$D$5:$E$80)) * $S$1, "-")} -> 472500 | G6: {=IFERROR(_xlfn.XLOOKUP(1, ('Drop off'!$A$6:$A$14 = $C6) * 1, _xlfn.XLOOKUP(1, ('Drop off'!$B$5:$I$5 = G$2) * ('Drop off'!$B$4:$I$4 = $S$2), 'Drop off'!$B$6:$I$14)) * $S$1, "-")} -> 56700 | H6: {=IFERROR(_xlfn.XLOOKUP(1, ('Drop off'!$A$6:$A$14 = $C6) * 1, _xlfn.XLOOKUP(1, ('Drop off'!$B$5:$I$5 = H$2) * ('Drop off'!$B$4:$I$4 = $S$2), 'Drop off'!$B$6:$I$14)) * $S$1, "-")} -> 37800 | I6: {=IFERROR(_xlfn.XLOOKUP(1, ('ж.д.'!$A$6:$A$14 = $D6) * 1, _xlfn.XLOOKUP(1, ('ж.д.'!$B$5:$M$5 = I$2) * ('ж.д.'!$B$4:$M$4 = $S$2), 'ж.д.'!$B$6:$M$14)), "-")} -> 122400 | J6: {=IFERROR(_xlfn.XLOOKUP(1, ('ж.д.'!$A$6:$A$14 = $D6) * 1, _xlfn.XLOOKUP(1, ('ж.д.'!$B$5:$M$5 = J$2) * ('ж.д.'!$B$4:$M$4 = $S$2), 'ж.д.'!$B$6:$M$14)), "-")} -> 139800 | K6: {=IFERROR(_xlfn.XLOOKUP(1, ('ж.д.'!$A$6:$A$14 = $D6) * 1, _xlfn.XLOOKUP(1, ('ж.д.'!$B$5:$M$5 = K$2) * ('ж.д.'!$B$4:$M$4 = $S$2), 'ж.д.'!$B$6:$M$14)), "-")} -> 224600 | L6: {=IF(ISNUMBER(SEARCH("Транс",$C6)),_xlfn.XLOOKUP(1,('Фрахт Транс'!$A$5:$A$10=$D6)*1,_xlfn.XLOOKUP(1,('Фрахт Транс'!$B$3:$M$3 = $S$2)*('Фрахт Транс'!$B$4:$M$4=L$2),'Фрахт Транс'!$B$5:$M$10)),SUM($E6, $G6, $I6, $O6))} -> 465994 | M6: {=IF(ISNUMBER(SEARCH("Транс",$C6)),_xlfn.XLOOKUP(1,('Фрахт Транс'!$A$5:$A$10=$D6)*1,_xlfn.XLOOKUP(1,('Фрахт Транс'!$B$3:$M$3=$S$2)*('Фрахт Транс'!$B$4:$M$4=M$2),'Фрахт Транс'!$B$5:$M$10)),SUM($E6, $G6, $J6, $O6))} -> 483394 | N6: {=IF(ISNUMBER(SEARCH("Транс",$C6)),_xlfn.XLOOKUP(1,('Фрахт Транс'!$A$5:$A$10=$D6)*1,_xlfn.XLOOKUP(1,('Фрахт Транс'!$B$3:$M$3=$S$2)*('Фрахт Транс'!$B$4:$M$4=N$2),'Фрахт Транс'!$B$5:$M$10)),SUM($F6, $H6, $K6, $P6))} -> 741701 | O6: {=IFERROR(_xlfn.XLOOKUP(1, (Охрана!$A$6:$A$14 = $D6) * 1, _xlfn.XLOOKUP(1, (Охрана!$B$5:$M$5 = O$2) * (Охрана!$B$4:$M$4 = $S$2), Охрана!$B$6:$M$14)), "-")} -> 3394 | P6: {=IFERROR(_xlfn.XLOOKUP(1, (Охрана!$A$6:$A$14 = $D6) * 1, _xlfn.XLOOKUP(1, (Охрана!$B$5:$M$5 = P$2) * (Охрана!$B$4:$M$4 = $S$2), Охрана!$B$6:$M$14)), "-")} -> 6801
A7: NINGBO | C7: SINOKOR | D7: Соллерс | E7: {=IFERROR(_xlfn.XLOOKUP(1, (Фрахт!$A$5:$A$80 = $A7)* (Фрахт!$B$5:$B$80 = $C7) * (Фрахт!$C$5:$C$80 =$D7), _xlfn.XLOOKUP(1, (Фрахт!$D$4:$E$4 = E$2) * 1, Фрахт!$D$5:$E$80)) * $S$1, "-")} -> 283500 | F7: {=IFERROR(_xlfn.XLOOKUP(1, (Фрахт!$A$5:$A$80 = $A7)* (Фрахт!$B$5:$B$80 = $C7) * (Фрахт!$C$5:$C$80 =$D7), _xlfn.XLOOKUP(1, (Фрахт!$D$4:$E$4 = F$2) * 1, Фрахт!$D$5:$E$80)) * $S$1, "-")} -> 472500 | G7: {=IFERROR(_xlfn.XLOOKUP(1, ('Drop off'!$A$6:$A$14 = $C7) * 1, _xlfn.XLOOKUP(1, ('Drop off'!$B$5:$I$5 = G$2) * ('Drop off'!$B$4:$I$4 = $S$2), 'Drop off'!$B$6:$I$14)) * $S$1, "-")} -> 56700 | H7: {=IFERROR(_xlfn.XLOOKUP(1, ('Drop off'!$A$6:$A$14 = $C7) * 1, _xlfn.XLOOKUP(1, ('Drop off'!$B$5:$I$5 = H$2) * ('Drop off'!$B$4:$I$4 = $S$2), 'Drop off'!$B$6:$I$14)) * $S$1, "-")} -> 37800 | I7: {=IFERROR(_xlfn.XLOOKUP(1, ('ж.д.'!$A$6:$A$14 = $D7) * 1, _xlfn.XLOOKUP(1, ('ж.д.'!$B$5:$M$5 = I$2) * ('ж.д.'!$B$4:$M$4 = $S$2), 'ж.д.'!$B$6:$M$14)), "-")} -> 134400 | J7: {=IFERROR(_xlfn.XLOOKUP(1, ('ж.д.'!$A$6:$A$14 = $D7) * 1, _xlfn.XLOOKUP(1, ('ж.д.'!$B$5:$M$5 = J$2) * ('ж.д.'!$B$4:$M$4 = $S$2), 'ж.д.'!$B$6:$M$14)), "-")} -> 149400 | K7: {=IFERROR(_xlfn.XLOOKUP(1, ('ж.д.'!$A$6:$A$14 = $D7) * 1, _xlfn.XLOOKUP(1, ('ж.д.'!$B$5:$M$5 = K$2) * ('ж.д.'!$B$4:$M$4 = $S$2), 'ж.д.'!$B$6:$M$14)), "-")} -> 235000 | L7: {=IF(ISNUMBER(SEARCH("Транс",$C7)),_xlfn.XLOOKUP(1,('Фрахт Транс'!$A$5:$A$10=$D7)*1,_xlfn.XLOOKUP(1,('Фрахт Транс'!$B$3:$M$3 = $S$2)*('Фрахт Транс'!$B$4:$M$4=L$2),'Фрахт Транс'!$B$5:$M$10)),SUM($E7, $G7, $I7, $O7))} -> 477994 | M7: {=IF(ISNUMBER(SEARCH("Транс",$C7)),_xlfn.XLOOKUP(1,('Фрахт Транс'!$A$5:$A$10=$D7)*1,_xlfn.XLOOKUP(1,('Фрахт Транс'!$B$3:$M$3=$S$2)*('Фрахт Транс'!$B$4:$M$4=M$2),'Фрахт Транс'!$B$5:$M$10)),SUM($E7, $G7, $J7, $O7))} -> 492994 | N7: {=IF(ISNUMBER(SEARCH("Транс",$C7)),_xlfn.XLOOKUP(1,('Фрахт Транс'!$A$5:$A$10=$D7)*1,_xlfn.XLOOKUP(1,('Фрахт Транс'!$B$3:$M$3=$S$2)*('Фрахт Транс'!$B$4:$M$4=N$2),'Фрахт Транс'!$B$5:$M$10)),SUM($F7, $H7, $K7, $P7))} -> 752101 | O7: {=IFERROR(_xlfn.XLOOKUP(1, (Охрана!$A$6:$A$14 = $D7) * 1, _xlfn.XLOOKUP(1, (Охрана!$B$5:$M$5 = O$2) * (Охрана!$B$4:$M$4 = $S$2), Охрана!$B$6:$M$14)), "-")} -> 3394 | P7: {=IFERROR(_xlfn.XLOOKUP(1, (Охрана!$A$6:$A$14 = $D7) * 1, _xlfn.XLOOKUP(1, (Охрана!$B$5:$M$5 = P$2) * (Охрана!$B$4:$M$4 = $S$2), Охрана!$B$6:$M$14)), "-")} -> 6801
A8: NINGBO | C8: SINOKOR | D8: ВМТП | E8: {=IFERROR(_xlfn.XLOOKUP(1, (Фрахт!$A$5:$A$80 = $A8)* (Фрахт!$B$5:$B$80 = $C8) * (Фрахт!$C$5:$C$80 =$D8), _xlfn.XLOOKUP(1, (Фрахт!$D$4:$E$4 = E$2) * 1, Фрахт!$D$5:$E$80)) * $S$1, "-")} -> 283500 | F8: {=IFERROR(_xlfn.XLOOKUP(1, (Фрахт!$A$5:$A$80 = $A8)* (Фрахт!$B$5:$B$80 = $C8) * (Фрахт!$C$5:$C$80 =$D8), _xlfn.XLOOKUP(1, (Фрахт!$D$4:$E$4 = F$2) * 1, Фрахт!$D$5:$E$80)) * $S$1, "-")} -> 472500 | G8: {=IFERROR(_xlfn.XLOOKUP(1, ('Drop off'!$A$6:$A$14 = $C8) * 1, _xlfn.XLOOKUP(1, ('Drop off'!$B$5:$I$5 = G$2) * ('Drop off'!$B$4:$I$4 = $S$2), 'Drop off'!$B$6:$I$14)) * $S$1, "-")} -> 56700 | H8: {=IFERROR(_xlfn.XLOOKUP(1, ('Drop off'!$A$6:$A$14 = $C8) * 1, _xlfn.XLOOKUP(1, ('Drop off'!$B$5:$I$5 = H$2) * ('Drop off'!$B$4:$I$4 = $S$2), 'Drop off'!$B$6:$I$14)) * $S$1, "-")} -> 37800 | I8: {=IFERROR(_xlfn.XLOOKUP(1, ('ж.д.'!$A$6:$A$14 = $D8) * 1, _xlfn.XLOOKUP(1, ('ж.д.'!$B$5:$M$5 = I$2) * ('ж.д.'!$B$4:$M$4 = $S$2), 'ж.д.'!$B$6:$M$14)), "-")} -> 141000 | J8: {=IFERROR(_xlfn.XLOOKUP(1, ('ж.д.'!$A$6:$A$14 = $D8) * 1, _xlfn.XLOOKUP(1, ('ж.д.'!$B$5:$M$5 = J$2) * ('ж.д.'!$B$4:$M$4 = $S$2), 'ж.д.'!$B$6:$M$14)), "-")} -> 156600 | K8: {=IFERROR(_xlfn.XLOOKUP(1, ('ж.д.'!$A$6:$A$14 = $D8) * 1, _xlfn.XLOOKUP(1, ('ж.д.'!$B$5:$M$5 = K$2) * ('ж.д.'!$B$4:$M$4 = $S$2), 'ж.д.'!$B$6:$M$14)), "-")} -> 261000 | L8: {=IF(ISNUMBER(SEARCH("Транс",$C8)),_xlfn.XLOOKUP(1,('Фрахт Транс'!$A$5:$A$10=$D8)*1,_xlfn.XLOOKUP(1,('Фрахт Транс'!$B$3:$M$3 = $S$2)*('Фрахт Транс'!$B$4:$M$4=L$2),'Фрахт Транс'!$B$5:$M$10)),SUM($E8, $G8, $I8, $O8))} -> 485022 | M8: {=IF(ISNUMBER(SEARCH("Транс",$C8)),_xlfn.XLOOKUP(1,('Фрахт Транс'!$A$5:$A$10=$D8)*1,_xlfn.XLOOKUP(1,('Фрахт Транс'!$B$3:$M$3=$S$2)*('Фрахт Транс'!$B$4:$M$4=M$2),'Фрахт Транс'!$B$5:$M$10)),SUM($E8, $G8, $J8, $O8))} -> 500622 | N8: {=IF(ISNUMBER(SEARCH("Транс",$C8)),_xlfn.XLOOKUP(1,('Фрахт Транс'!$A$5:$A$10=$D8)*1,_xlfn.XLOOKUP(1,('Фрахт Транс'!$B$3:$M$3=$S$2)*('Фрахт Транс'!$B$4:$M$4=N$2),'Фрахт Транс'!$B$5:$M$10)),SUM($F8, $H8, $K8, $P8))} -> 778210 | O8: {=IFERROR(_xlfn.XLOOKUP(1, (Охрана!$A$6:$A$14 = $D8) * 1, _xlfn.XLOOKUP(1, (Охрана!$B$5:$M$5 = O$2) * (Охрана!$B$4:$M$4 = $S$2), Охрана!$B$6:$M$14)), "-")} -> 3822 | P8: {=IFERROR(_xlfn.XLOOKUP(1, (Охрана!$A$6:$A$14 = $D8) * 1, _xlfn.XLOOKUP(1, (Охрана!$B$5:$M$5 = P$2) * (Охрана!$B$4:$M$4 = $S$2), Охрана!$B$6:$M$14)), "-")} -> 6910
A9: NINGBO | C9: SINOKOR | D9: ВМКТ | E9: {=IFERROR(_xlfn.XLOOKUP(1, (Фрахт!$A$5:$A$80 = $A9)* (Фрахт!$B$5:$B$80 = $C9) * (Фрахт!$C$5:$C$80 =$D9), _xlfn.XLOOKUP(1, (Фрахт!$D$4:$E$4 = E$2) * 1, Фрахт!$D$5:$E$80)) * $S$1, "-")} -> 283500 | F9: {=IFERROR(_xlfn.XLOOKUP(1, (Фрахт!$A$5:$A$80 = $A9)* (Фрахт!$B$5:$B$80 = $C9) * (Фрахт!$C$5:$C$80 =$D9), _xlfn.XLOOKUP(1, (Фрахт!$D$4:$E$4 = F$2) * 1, Фрахт!$D$5:$E$80)) * $S$1, "-")} -> 472500 | G9: {=IFERROR(_xlfn.XLOOKUP(1, ('Drop off'!$A$6:$A$14 = $C9) * 1, _xlfn.XLOOKUP(1, ('Drop off'!$B$5:$I$5 = G$2) * ('Drop off'!$B$4:$I$4 = $S$2), 'Drop off'!$B$6:$I$14)) * $S$1, "-")} -> 56700 | H9: {=IFERROR(_xlfn.XLOOKUP(1, ('Drop off'!$A$6:$A$14 = $C9) * 1, _xlfn.XLOOKUP(1, ('Drop off'!$B$5:$I$5 = H$2) * ('Drop off'!$B$4:$I$4 = $S$2), 'Drop off'!$B$6:$I$14)) * $S$1, "-")} -> 37800 | I9: {=IFERROR(_xlfn.XLOOKUP(1, ('ж.д.'!$A$6:$A$14 = $D9) * 1, _xlfn.XLOOKUP(1, ('ж.д.'!$B$5:$M$5 = I$2) * ('ж.д.'!$B$4:$M$4 = $S$2), 'ж.д.'!$B$6:$M$14)), "-")} -> 125000 | J9: {=IFERROR(_xlfn.XLOOKUP(1, ('ж.д.'!$A$6:$A$14 = $D9) * 1, _xlfn.XLOOKUP(1, ('ж.д.'!$B$5:$M$5 = J$2) * ('ж.д.'!$B$4:$M$4 = $S$2), 'ж.д.'!$B$6:$M$14)), "-")} -> 140000 | K9: {=IFERROR(_xlfn.XLOOKUP(1, ('ж.д.'!$A$6:$A$14 = $D9) * 1, _xlfn.XLOOKUP(1, ('ж.д.'!$B$5:$M$5 = K$2) * ('ж.д.'!$B$4:$M$4 = $S$2), 'ж.д.'!$B$6:$M$14)), "-")} -> 227000 | L9: {=IF(ISNUMBER(SEARCH("Транс",$C9)),_xlfn.XLOOKUP(1,('Фрахт Транс'!$A$5:$A$10=$D9)*1,_xlfn.XLOOKUP(1,('Фрахт Транс'!$B$3:$M$3 = $S$2)*('Фрахт Транс'!$B$4:$M$4=L$2),'Фрахт Транс'!$B$5:$M$10)),SUM($E9, $G9, $I9, $O9))} -> 469300 | M9: {=IF(ISNUMBER(SEARCH("Транс",$C9)),_xlfn.XLOOKUP(1,('Фрахт Транс'!$A$5:$A$10=$D9)*1,_xlfn.XLOOKUP(1,('Фрахт Транс'!$B$3:$M$3=$S$2)*('Фрахт Транс'!$B$4:$M$4=M$2),'Фрахт Транс'!$B$5:$M$10)),SUM($E9, $G9, $J9, $O9))} -> 484300 | N9: {=IF(ISNUMBER(SEARCH("Транс",$C9)),_xlfn.XLOOKUP(1,('Фрахт Транс'!$A$5:$A$10=$D9)*1,_xlfn.XLOOKUP(1,('Фрахт Транс'!$B$3:$M$3=$S$2)*('Фрахт Транс'!$B$4:$M$4=N$2),'Фрахт Транс'!$B$5:$M$10)),SUM($F9, $H9, $K9, $P9))} -> 745500 | O9: {=IFERROR(_xlfn.XLOOKUP(1, (Охрана!$A$6:$A$14 = $D9) * 1, _xlfn.XLOOKUP(1, (Охрана!$B$5:$M$5 = O$2) * (Охрана!$B$4:$M$4 = $S$2), Охрана!$B$6:$M$14)), "-")} -> 4100 | P9: {=IFERROR(_xlfn.XLOOKUP(1, (Охрана!$A$6:$A$14 = $D9) * 1, _xlfn.XLOOKUP(1, (Охрана!$B$5:$M$5 = P$2) * (Охрана!$B$4:$M$4 = $S$2), Охрана!$B$6:$M$14)), "-")} -> 8200
A10: NINGBO | C10: HUAXIN | D10: СОЛЛЕРС | E10: {=IFERROR(_xlfn.XLOOKUP(1, (Фрахт!$A$5:$A$80 = $A10)* (Фрахт!$B$5:$B$80 = $C10) * (Фрахт!$C$5:$C$80 =$D10), _xlfn.XLOOKUP(1, (Фрахт!$D$4:$E$4 = E$2) * 1, Фрахт!$D$5:$E$80)) * $S$1, "-")} -> 260160 | F10: {=IFERROR(_xlfn.XLOOKUP(1, (Фрахт!$A$5:$A$80 = $A10)* (Фрахт!$B$5:$B$80 = $C10) * (Фрахт!$C$5:$C$80 =$D10), _xlfn.XLOOKUP(1, (Фрахт!$D$4:$E$4 = F$2) * 1, Фрахт!$D$5:$E$80)) * $S$1, "-")} -> 436320 | G10: {=IFERROR(_xlfn.XLOOKUP(1, ('Drop off'!$A$6:$A$14 = $C10) * 1, _xlfn.XLOOKUP(1, ('Drop off'!$B$5:$I$5 = G$2) * ('Drop off'!$B$4:$I$4 = $S$2), 'Drop off'!$B$6:$I$14)) * $S$1, "-")} -> 42000 | H10: {=IFERROR(_xlfn.XLOOKUP(1, ('Drop off'!$A$6:$A$14 = $C10) * 1, _xlfn.XLOOKUP(1, ('Drop off'!$B$5:$I$5 = H$2) * ('Drop off'!$B$4:$I$4 = $S$2), 'Drop off'!$B$6:$I$14)) * $S$1, "-")} -> 42000 | I10: {=IFERROR(_xlfn.XLOOKUP(1, ('ж.д.'!$A$6:$A$14 = $D10) * 1, _xlfn.XLOOKUP(1, ('ж.д.'!$B$5:$M$5 = I$2) * ('ж.д.'!$B$4:$M$4 = $S$2), 'ж.д.'!$B$6:$M$14)), "-")} -> 134400 | J10: {=IFERROR(_xlfn.XLOOKUP(1, ('ж.д.'!$A$6:$A$14 = $D10) * 1, _xlfn.XLOOKUP(1, ('ж.д.'!$B$5:$M$5 = J$2) * ('ж.д.'!$B$4:$M$4 = $S$2), 'ж.д.'!$B$6:$M$14)), "-")} -> 149400 | K10: {=IFERROR(_xlfn.XLOOKUP(1, ('ж.д.'!$A$6:$A$14 = $D10) * 1, _xlfn.XLOOKUP(1, ('ж.д.'!$B$5:$M$5 = K$2) * ('ж.д.'!$B$4:$M$4 = $S$2), 'ж.д.'!$B$6:$M$14)), "-")} -> 235000 | L10: {=IF(ISNUMBER(SEARCH("Транс",$C10)),_xlfn.XLOOKUP(1,('Фрахт Транс'!$A$5:$A$10=$D10)*1,_xlfn.XLOOKUP(1,('Фрахт Транс'!$B$3:$M$3 = $S$2)*('Фрахт Транс'!$B$4:$M$4=L$2),'Фрахт Транс'!$B$5:$M$10)),SUM($E10, $G10, $I10, $O10))} -> 439954 | M10: {=IF(ISNUMBER(SEARCH("Транс",$C10)),_xlfn.XLOOKUP(1,('Фрахт Транс'!$A$5:$A$10=$D10)*1,_xlfn.XLOOKUP(1,('Фрахт Транс'!$B$3:$M$3=$S$2)*('Фрахт Транс'!$B$4:$M$4=M$2),'Фрахт Транс'!$B$5:$M$10)),SUM($E10, $G10, $J10, $O10))} -> 454954 | N10: {=IF(ISNUMBER(SEARCH("Транс",$C10)),_xlfn.XLOOKUP(1,('Фрахт Транс'!$A$5:$A$10=$D10)*1,_xlfn.XLOOKUP(1,('Фрахт Транс'!$B$3:$M$3=$S$2)*('Фрахт Транс'!$B$4:$M$4=N$2),'Фрахт Транс'!$B$5:$M$10)),SUM($F10, $H10, $K10, $P10))} -> 720121 | O10: {=IFERROR(_xlfn.XLOOKUP(1, (Охрана!$A$6:$A$14 = $D10) * 1, _xlfn.XLOOKUP(1, (Охрана!$B$5:$M$5 = O$2) * (Охрана!$B$4:$M$4 = $S$2), Охрана!$B$6:$M$14)), "-")} -> 3394 | P10: {=IFERROR(_xlfn.XLOOKUP(1, (Охрана!$A$6:$A$14 = $D10) * 1, _xlfn.XLOOKUP(1, (Охрана!$B$5:$M$5 = P$2) * (Охрана!$B$4:$M$4 = $S$2), Охрана!$B$6:$M$14)), "-")} -> 6801
A11: NINGBO | C11: ТоргМолл | D11: ВСК | E11: {=IFERROR(_xlfn.XLOOKUP(1, (Фрахт!$A$5:$A$80 = $A11)* (Фрахт!$B$5:$B$80 = $C11) * (Фрахт!$C$5:$C$80 =$D11), _xlfn.XLOOKUP(1, (Фрахт!$D$4:$E$4 = E$2) * 1, Фрахт!$D$5:$E$80)) * $S$1, "-")} -> 216000 | F11: {=IFERROR(_xlfn.XLOOKUP(1, (Фрахт!$A$5:$A$80 = $A11)* (Фрахт!$B$5:$B$80 = $C11) * (Фрахт!$C$5:$C$80 =$D11), _xlfn.XLOOKUP(1, (Фрахт!$D$4:$E$4 = F$2) * 1, Фрахт!$D$5:$E$80)) * $S$1, "-")} -> 384000 | G11: {=IFERROR(_xlfn.XLOOKUP(1, ('Drop off'!$A$6:$A$14 = $C11) * 1, _xlfn.XLOOKUP(1, ('Drop off'!$B$5:$I$5 = G$2) * ('Drop off'!$B$4:$I$4 = $S$2), 'Drop off'!$B$6:$I$14)) * $S$1, "-")} -> 0 | H11: {=IFERROR(_xlfn.XLOOKUP(1, ('Drop off'!$A$6:$A$14 = $C11) * 1, _xlfn.XLOOKUP(1, ('Drop off'!$B$5:$I$5 = H$2) * ('Drop off'!$B$4:$I$4 = $S$2), 'Drop off'!$B$6:$I$14)) * $S$1, "-")} -> 0 | I11: {=IFERROR(_xlfn.XLOOKUP(1, ('ж.д.'!$A$6:$A$14 = $D11) * 1, _xlfn.XLOOKUP(1, ('ж.д.'!$B$5:$M$5 = I$2) * ('ж.д.'!$B$4:$M$4 = $S$2), 'ж.д.'!$B$6:$M$14)), "-")} -> 122400 | J11: {=IFERROR(_xlfn.XLOOKUP(1, ('ж.д.'!$A$6:$A$14 = $D11) * 1, _xlfn.XLOOKUP(1, ('ж.д.'!$B$5:$M$5 = J$2) * ('ж.д.'!$B$4:$M$4 = $S$2), 'ж.д.'!$B$6:$M$14)), "-")} -> 139800 | K11: {=IFERROR(_xlfn.XLOOKUP(1, ('ж.д.'!$A$6:$A$14 = $D11) * 1, _xlfn.XLOOKUP(1, ('ж.д.'!$B$5:$M$5 = K$2) * ('ж.д.'!$B$4:$M$4 = $S$2), 'ж.д.'!$B$6:$M$14)), "-")} -> 224600 | L11: {=IF(ISNUMBER(SEARCH("Транс",$C11)),_xlfn.XLOOKUP(1,('Фрахт Транс'!$A$5:$A$10=$D11)*1,_xlfn.XLOOKUP(1,('Фрахт Транс'!$B$3:$M$3 = $S$2)*('Фрахт Транс'!$B$4:$M$4=L$2),'Фрахт Транс'!$B$5:$M$10)),SUM($E11, $G11, $I11, $O11))} -> 341794 | M11: {=IF(ISNUMBER(SEARCH("Транс",$C11)),_xlfn.XLOOKUP(1,('Фрахт Транс'!$A$5:$A$10=$D11)*1,_xlfn.XLOOKUP(1,('Фрахт Транс'!$B$3:$M$3=$S$2)*('Фрахт Транс'!$B$4:$M$4=M$2),'Фрахт Транс'!$B$5:$M$10)),SUM($E11, $G11, $J11, $O11))} -> 359194 | N11: {=IF(ISNUMBER(SEARCH("Транс",$C11)),_xlfn.XLOOKUP(1,('Фрахт Транс'!$A$5:$A$10=$D11)*1,_xlfn.XLOOKUP(1,('Фрахт Транс'!$B$3:$M$3=$S$2)*('Фрахт Транс'!$B$4:$M$4=N$2),'Фрахт Транс'!$B$5:$M$10)),SUM($F11, $H11, $K11, $P11))} -> 615401 | O11: {=IFERROR(_xlfn.XLOOKUP(1, (Охрана!$A$6:$A$14 = $D11) * 1, _xlfn.XLOOKUP(1, (Охрана!$B$5:$M$5 = O$2) * (Охрана!$B$4:$M$4 = $S$2), Охрана!$B$6:$M$14)), "-")} -> 3394 | P11: {=IFERROR(_xlfn.XLOOKUP(1, (Охрана!$A$6:$A$14 = $D11) * 1, _xlfn.XLOOKUP(1, (Охрана!$B$5:$M$5 = P$2) * (Охрана!$B$4:$M$4 = $S$2), Охрана!$B$6:$M$14)), "-")} -> 6801
A12: NINGBO | C12: EuroEast | D12: ВМПП | E12: {=IFERROR(_xlfn.XLOOKUP(1, (Фрахт!$A$5:$A$80 = $A12)* (Фрахт!$B$5:$B$80 = $C12) * (Фрахт!$C$5:$C$80 =$D12), _xlfn.XLOOKUP(1, (Фрахт!$D$4:$E$4 = E$2) * 1, Фрахт!$D$5:$E$80)) * $S$1, "-")} -> - | F12: {=IFERROR(_xlfn.XLOOKUP(1, (Фрахт!$A$5:$A$80 = $A12)* (Фрахт!$B$5:$B$80 = $C12) * (Фрахт!$C$5:$C$80 =$D12), _xlfn.XLOOKUP(1, (Фрахт!$D$4:$E$4 = F$2) * 1, Фрахт!$D$5:$E$80)) * $S$1, "-")} -> - | G12: {=IFERROR(_xlfn.XLOOKUP(1, ('Drop off'!$A$6:$A$14 = $C12) * 1, _xlfn.XLOOKUP(1, ('Drop off'!$B$5:$I$5 = G$2) * ('Drop off'!$B$4:$I$4 = $S$2), 'Drop off'!$B$6:$I$14)) * $S$1, "-")} -> 0 | H12: {=IFERROR(_xlfn.XLOOKUP(1, ('Drop off'!$A$6:$A$14 = $C12) * 1, _xlfn.XLOOKUP(1, ('Drop off'!$B$5:$I$5 = H$2) * ('Drop off'!$B$4:$I$4 = $S$2), 'Drop off'!$B$6:$I$14)) * $S$1, "-")} -> 0 | I12: {=IFERROR(_xlfn.XLOOKUP(1, ('ж.д.'!$A$6:$A$14 = $D12) * 1, _xlfn.XLOOKUP(1, ('ж.д.'!$B$5:$M$5 = I$2) * ('ж.д.'!$B$4:$M$4 = $S$2), 'ж.д.'!$B$6:$M$14)), "-")} -> 134400 | J12: {=IFERROR(_xlfn.XLOOKUP(1, ('ж.д.'!$A$6:$A$14 = $D12) * 1, _xlfn.XLOOKUP(1, ('ж.д.'!$B$5:$M$5 = J$2) * ('ж.д.'!$B$4:$M$4 = $S$2), 'ж.д.'!$B$6:$M$14)), "-")} -> 149400 | K12: {=IFERROR(_xlfn.XLOOKUP(1, ('ж.д.'!$A$6:$A$14 = $D12) * 1, _xlfn.XLOOKUP(1, ('ж.д.'!$B$5:$M$5 = K$2) * ('ж.д.'!$B$4:$M$4 = $S$2), 'ж.д.'!$B$6:$M$14)), "-")} -> 235000 | L12: {=IF(ISNUMBER(SEARCH("Транс",$C12)),_xlfn.XLOOKUP(1,('Фрахт Транс'!$A$5:$A$10=$D12)*1,_xlfn.XLOOKUP(1,('Фрахт Транс'!$B$3:$M$3 = $S$2)*('Фрахт Транс'!$B$4:$M$4=L$2),'Фрахт Транс'!$B$5:$M$10)),SUM($E12, $G12, $I12, $O12))} -> 137794 | M12: {=IF(ISNUMBER(SEARCH("Транс",$C12)),_xlfn.XLOOKUP(1,('Фрахт Транс'!$A$5:$A$10=$D12)*1,_xlfn.XLOOKUP(1,('Фрахт Транс'!$B$3:$M$3=$S$2)*('Фрахт Транс'!$B$4:$M$4=M$2),'Фрахт Транс'!$B$5:$M$10)),SUM($E12, $G12, $J12, $O12))} -> 152794 | N12: {=IF(ISNUMBER(SEARCH("Транс",$C12)),_xlfn.XLOOKUP(1,('Фрахт Транс'!$A$5:$A$10=$D12)*1,_xlfn.XLOOKUP(1,('Фрахт Транс'!$B$3:$M$3=$S$2)*('Фрахт Транс'!$B$4:$M$4=N$2),'Фрахт Транс'!$B$5:$M$10)),SUM($F12, $H12, $K12, $P12))} -> 241801 | O12: {=IFERROR(_xlfn.XLOOKUP(1, (Охрана!$A$6:$A$14 = $D12) * 1, _xlfn.XLOOKUP(1, (Охрана!$B$5:$M$5 = O$2) * (Охрана!$B$4:$M$4 = $S$2), Охрана!$B$6:$M$14)), "-")} -> 3394 | P12: {=IFERROR(_xlfn.XLOOKUP(1, (Охрана!$A$6:$A$14 = $D12) * 1, _xlfn.XLOOKUP(1, (Охрана!$B$5:$M$5 = P$2) * (Охрана!$B$4:$M$4 = $S$2), Охрана!$B$6:$M$14)), "-")} -> 6801
A13: NINGBO | C13: EuroEast | D13: СОЛЛЕРС | E13: {=IFERROR(_xlfn.XLOOKUP(1, (Фрахт!$A$5:$A$80 = $A13)* (Фрахт!$B$5:$B$80 = $C13) * (Фрахт!$C$5:$C$80 =$D13), _xlfn.XLOOKUP(1, (Фрахт!$D$4:$E$4 = E$2) * 1, Фрахт!$D$5:$E$80)) * $S$1, "-")} -> 261000 | F13: {=IFERROR(_xlfn.XLOOKUP(1, (Фрахт!$A$5:$A$80 = $A13)* (Фрахт!$B$5:$B$80 = $C13) * (Фрахт!$C$5:$C$80 =$D13), _xlfn.XLOOKUP(1, (Фрахт!$D$4:$E$4 = F$2) * 1, Фрахт!$D$5:$E$80)) * $S$1, "-")} -> 372900 | G13: {=IFERROR(_xlfn.XLOOKUP(1, ('Drop off'!$A$6:$A$14 = $C13) * 1, _xlfn.XLOOKUP(1, ('Drop off'!$B$5:$I$5 = G$2) * ('Drop off'!$B$4:$I$4 = $S$2), 'Drop off'!$B$6:$I$14)) * $S$1, "-")} -> 0 | H13: {=IFERROR(_xlfn.XLOOKUP(1, ('Drop off'!$A$6:$A$14 = $C13) * 1, _xlfn.XLOOKUP(1, ('Drop off'!$B$5:$I$5 = H$2) * ('Drop off'!$B$4:$I$4 = $S$2), 'Drop off'!$B$6:$I$14)) * $S$1, "-")} -> 0 | I13: {=IFERROR(_xlfn.XLOOKUP(1, ('ж.д.'!$A$6:$A$14 = $D13) * 1, _xlfn.XLOOKUP(1, ('ж.д.'!$B$5:$M$5 = I$2) * ('ж.д.'!$B$4:$M$4 = $S$2), 'ж.д.'!$B$6:$M$14)), "-")} -> 134400 | J13: {=IFERROR(_xlfn.XLOOKUP(1, ('ж.д.'!$A$6:$A$14 = $D13) * 1, _xlfn.XLOOKUP(1, ('ж.д.'!$B$5:$M$5 = J$2) * ('ж.д.'!$B$4:$M$4 = $S$2), 'ж.д.'!$B$6:$M$14)), "-")} -> 149400 | K13: {=IFERROR(_xlfn.XLOOKUP(1, ('ж.д.'!$A$6:$A$14 = $D13) * 1, _xlfn.XLOOKUP(1, ('ж.д.'!$B$5:$M$5 = K$2) * ('ж.д.'!$B$4:$M$4 = $S$2), 'ж.д.'!$B$6:$M$14)), "-")} -> 235000 | L13: {=IF(ISNUMBER(SEARCH("Транс",$C13)),_xlfn.XLOOKUP(1,('Фрахт Транс'!$A$5:$A$10=$D13)*1,_xlfn.XLOOKUP(1,('Фрахт Транс'!$B$3:$M$3 = $S$2)*('Фрахт Транс'!$B$4:$M$4=L$2),'Фрахт Транс'!$B$5:$M$10)),SUM($E13, $G13, $I13, $O13))} -> 398794 | M13: {=IF(ISNUMBER(SEARCH("Транс",$C13)),_xlfn.XLOOKUP(1,('Фрахт Транс'!$A$5:$A$10=$D13)*1,_xlfn.XLOOKUP(1,('Фрахт Транс'!$B$3:$M$3=$S$2)*('Фрахт Транс'!$B$4:$M$4=M$2),'Фрахт Транс'!$B$5:$M$10)),SUM($E13, $G13, $J13, $O13))} -> 413794 | N13: {=IF(ISNUMBER(SEARCH("Транс",$C13)),_xlfn.XLOOKUP(1,('Фрахт Транс'!$A$5:$A$10=$D13)*1,_xlfn.XLOOKUP(1,('Фрахт Транс'!$B$3:$M$3=$S$2)*('Фрахт Транс'!$B$4:$M$4=N$2),'Фрахт Транс'!$B$5:$M$10)),SUM($F13, $H13, $K13, $P13))} -> 614701 | O13: {=IFERROR(_xlfn.XLOOKUP(1, (Охрана!$A$6:$A$14 = $D13) * 1, _xlfn.XLOOKUP(1, (Охрана!$B$5:$M$5 = O$2) * (Охрана!$B$4:$M$4 = $S$2), Охрана!$B$6:$M$14)), "-")} -> 3394 | P13: {=IFERROR(_xlfn.XLOOKUP(1, (Охрана!$A$6:$A$14 = $D13) * 1, _xlfn.XLOOKUP(1, (Охрана!$B$5:$M$5 = P$2) * (Охрана!$B$4:$M$4 = $S$2), Охрана!$B$6:$M$14)), "-")} -> 6801
A14: NINGBO | C14: EuroEast | D14: ВМПП/СОЛЛЕРС (Сквозной EuroEast) | E14: {=IFERROR(_xlfn.XLOOKUP(1, (Фрахт!$A$5:$A$80 = $A14)* (Фрахт!$B$5:$B$80 = $C14) * (Фрахт!$C$5:$C$80 =$D14), _xlfn.XLOOKUP(1, (Фрахт!$D$4:$E$4 = E$2) * 1, Фрахт!$D$5:$E$80)) * $S$1, "-")} -> - | F14: {=IFERROR(_xlfn.XLOOKUP(1, (Фрахт!$A$5:$A$80 = $A14)* (Фрахт!$B$5:$B$80 = $C14) * (Фрахт!$C$5:$C$80 =$D14), _xlfn.XLOOKUP(1, (Фрахт!$D$4:$E$4 = F$2) * 1, Фрахт!$D$5:$E$80)) * $S$1, "-")} -> - | G14: {=IFERROR(_xlfn.XLOOKUP(1, ('Drop off'!$A$6:$A$14 = $C14) * 1, _xlfn.XLOOKUP(1, ('Drop off'!$B$5:$I$5 = G$2) * ('Drop off'!$B$4:$I$4 = $S$2), 'Drop off'!$B$6:$I$14)) * $S$1, "-")} -> 0 | H14: {=IFERROR(_xlfn.XLOOKUP(1, ('Drop off'!$A$6:$A$14 = $C14) * 1, _xlfn.XLOOKUP(1, ('Drop off'!$B$5:$I$5 = H$2) * ('Drop off'!$B$4:$I$4 = $S$2), 'Drop off'!$B$6:$I$14)) * $S$1, "-")} -> 0 | I14: {=IFERROR(_xlfn.XLOOKUP(1, ('ж.д.'!$A$6:$A$14 = $D14) * 1, _xlfn.XLOOKUP(1, ('ж.д.'!$B$5:$M$5 = I$2) * ('ж.д.'!$B$4:$M$4 = $S$2), 'ж.д.'!$B$6:$M$14)), "-")} -> - | J14: {=IFERROR(_xlfn.XLOOKUP(1, ('ж.д.'!$A$6:$A$14 = $D14) * 1, _xlfn.XLOOKUP(1, ('ж.д.'!$B$5:$M$5 = J$2) * ('ж.д.'!$B$4:$M$4 = $S$2), 'ж.д.'!$B$6:$M$14)), "-")} -> - | K14: {=IFERROR(_xlfn.XLOOKUP(1, ('ж.д.'!$A$6:$A$14 = $D14) * 1, _xlfn.XLOOKUP(1, ('ж.д.'!$B$5:$M$5 = K$2) * ('ж.д.'!$B$4:$M$4 = $S$2), 'ж.д.'!$B$6:$M$14)), "-")} -> - | L14: {=IF(ISNUMBER(SEARCH("Транс",$C14)),_xlfn.XLOOKUP(1,('Фрахт Транс'!$A$5:$A$10=$D14)*1,_xlfn.XLOOKUP(1,('Фрахт Транс'!$B$3:$M$3 = $S$2)*('Фрахт Транс'!$B$4:$M$4=L$2),'Фрахт Транс'!$B$5:$M$10)),SUM($E14, $G14, $I14, $O14))} -> 0 | M14: {=IF(ISNUMBER(SEARCH("Транс",$C14)),_xlfn.XLOOKUP(1,('Фрахт Транс'!$A$5:$A$10=$D14)*1,_xlfn.XLOOKUP(1,('Фрахт Транс'!$B$3:$M$3=$S$2)*('Фрахт Транс'!$B$4:$M$4=M$2),'Фрахт Транс'!$B$5:$M$10)),SUM($E14, $G14, $J14, $O14))} -> 0 | N14: {=IF(ISNUMBER(SEARCH("Транс",$C14)),_xlfn.XLOOKUP(1,('Фрахт Транс'!$A$5:$A$10=$D14)*1,_xlfn.XLOOKUP(1,('Фрахт Транс'!$B$3:$M$3=$S$2)*('Фрахт Транс'!$B$4:$M$4=N$2),'Фрахт Транс'!$B$5:$M$10)),SUM($F14, $H14, $K14, $P14))} -> 0 | O14: {=IFERROR(_xlfn.XLOOKUP(1, (Охрана!$A$6:$A$14 = $D14) * 1, _xlfn.XLOOKUP(1, (Охрана!$B$5:$M$5 = O$2) * (Охрана!$B$4:$M$4 = $S$2), Охрана!$B$6:$M$14)), "-")} -> - | P14: {=IFERROR(_xlfn.XLOOKUP(1, (Охрана!$A$6:$A$14 = $D14) * 1, _xlfn.XLOOKUP(1, (Охрана!$B$5:$M$5 = P$2) * (Охрана!$B$4:$M$4 = $S$2), Охрана!$B$6:$M$14)), "-")} -> -
A15: NINGBO | C15: TFL (Сквозной) | D15: ВМТП (TFL) | E15: {=IFERROR(_xlfn.XLOOKUP(1, (Фрахт!$A$5:$A$80 = $A15)* (Фрахт!$B$5:$B$80 = $C15) * (Фрахт!$C$5:$C$80 =$D15), _xlfn.XLOOKUP(1, (Фрахт!$D$4:$E$4 = E$2) * 1, Фрахт!$D$5:$E$80)) * $S$1, "-")} -> - | F15: {=IFERROR(_xlfn.XLOOKUP(1, (Фрахт!$A$5:$A$80 = $A15)* (Фрахт!$B$5:$B$80 = $C15) * (Фрахт!$C$5:$C$80 =$D15), _xlfn.XLOOKUP(1, (Фрахт!$D$4:$E$4 = F$2) * 1, Фрахт!$D$5:$E$80)) * $S$1, "-")} -> - | G15: {=IFERROR(_xlfn.XLOOKUP(1, ('Drop off'!$A$6:$A$14 = $C15) * 1, _xlfn.XLOOKUP(1, ('Drop off'!$B$5:$I$5 = G$2) * ('Drop off'!$B$4:$I$4 = $S$2), 'Drop off'!$B$6:$I$14)) * $S$1, "-")} -> - | H15: {=IFERROR(_xlfn.XLOOKUP(1, ('Drop off'!$A$6:$A$14 = $C15) * 1, _xlfn.XLOOKUP(1, ('Drop off'!$B$5:$I$5 = H$2) * ('Drop off'!$B$4:$I$4 = $S$2), 'Drop off'!$B$6:$I$14)) * $S$1, "-")} -> - | I15: {=IFERROR(_xlfn.XLOOKUP(1, ('ж.д.'!$A$6:$A$14 = $D15) * 1, _xlfn.XLOOKUP(1, ('ж.д.'!$B$5:$M$5 = I$2) * ('ж.д.'!$B$4:$M$4 = $S$2), 'ж.д.'!$B$6:$M$14)), "-")} -> - | J15: {=IFERROR(_xlfn.XLOOKUP(1, ('ж.д.'!$A$6:$A$14 = $D15) * 1, _xlfn.XLOOKUP(1, ('ж.д.'!$B$5:$M$5 = J$2) * ('ж.д.'!$B$4:$M$4 = $S$2), 'ж.д.'!$B$6:$M$14)), "-")} -> - | K15: {=IFERROR(_xlfn.XLOOKUP(1, ('ж.д.'!$A$6:$A$14 = $D15) * 1, _xlfn.XLOOKUP(1, ('ж.д.'!$B$5:$M$5 = K$2) * ('ж.д.'!$B$4:$M$4 = $S$2), 'ж.д.'!$B$6:$M$14)), "-")} -> - | L15: {=IF(ISNUMBER(SEARCH("Транс",$C15)),_xlfn.XLOOKUP(1,('Фрахт Транс'!$A$5:$A$10=$D15)*1,_xlfn.XLOOKUP(1,('Фрахт Транс'!$B$3:$M$3 = $S$2)*('Фрахт Транс'!$B$4:$M$4=L$2),'Фрахт Транс'!$B$5:$M$10)),SUM($E15, $G15, $I15, $O15))} -> 0 | M15: {=IF(ISNUMBER(SEARCH("Транс",$C15)),_xlfn.XLOOKUP(1,('Фрахт Транс'!$A$5:$A$10=$D15)*1,_xlfn.XLOOKUP(1,('Фрахт Транс'!$B$3:$M$3=$S$2)*('Фрахт Транс'!$B$4:$M$4=M$2),'Фрахт Транс'!$B$5:$M$10)),SUM($E15, $G15, $J15, $O15))} -> 0 | N15: {=IF(ISNUMBER(SEARCH("Транс",$C15)),_xlfn.XLOOKUP(1,('Фрахт Транс'!$A$5:$A$10=$D15)*1,_xlfn.XLOOKUP(1,('Фрахт Транс'!$B$3:$M$3=$S$2)*('Фрахт Транс'!$B$4:$M$4=N$2),'Фрахт Транс'!$B$5:$M$10)),SUM($F15, $H15, $K15, $P15))} -> 0 | O15: {=IFERROR(_xlfn.XLOOKUP(1, (Охрана!$A$6:$A$14 = $D15) * 1, _xlfn.XLOOKUP(1, (Охрана!$B$5:$M$5 = O$2) * (Охрана!$B$4:$M$4 = $S$2), Охрана!$B$6:$M$14)), "-")} -> - | P15: {=IFERROR(_xlfn.XLOOKUP(1, (Охрана!$A$6:$A$14 = $D15) * 1, _xlfn.XLOOKUP(1, (Охрана!$B$5:$M$5 = P$2) * (Охрана!$B$4:$M$4 = $S$2), Охрана!$B$6:$M$14)), "-")} -> -
... A17: NINGBO | C17: SASCO | D17: ВМКТ | E17: {=IFERROR(_xlfn.XLOOKUP(1, (Фрахт!$A$5:$A$80 = $A17)* (Фрахт!$B$5:$B$80 = $C17) * (Фрахт!$C$5:$C$80 =$D17), _xlfn.XLOOKUP(1, (Фрахт!$D$4:$E$4 = E$2) * 1, Фрахт!$D$5:$E$80)) * $S$1, "-")} -> 315000 | F17: {=IFERROR(_xlfn.XLOOKUP(1, (Фрахт!$A$5:$A$80 = $A17)* (Фрахт!$B$5:$B$80 = $C17) * (Фрахт!$C$5:$C$80 =$D17), _xlfn.XLOOKUP(1, (Фрахт!$D$4:$E$4 = F$2) * 1, Фрахт!$D$5:$E$80)) * $S$1, "-")} -> 420000 | G17: {=IFERROR(_xlfn.XLOOKUP(1, ('Drop off'!$A$6:$A$14 = $C17) * 1, _xlfn.XLOOKUP(1, ('Drop off'!$B$5:$I$5 = G$2) * ('Drop off'!$B$4:$I$4 = $S$2), 'Drop off'!$B$6:$I$14)) * $S$1, "-")} -> 0 | H17: {=IFERROR(_xlfn.XLOOKUP(1, ('Drop off'!$A$6:$A$14 = $C17) * 1, _xlfn.XLOOKUP(1, ('Drop off'!$B$5:$I$5 = H$2) * ('Drop off'!$B$4:$I$4 = $S$2), 'Drop off'!$B$6:$I$14)) * $S$1, "-")} -> 0 | I17: {=IFERROR(_xlfn.XLOOKUP(1, ('ж.д.'!$A$6:$A$14 = $D17) * 1, _xlfn.XLOOKUP(1, ('ж.д.'!$B$5:$M$5 = I$2) * ('ж.д.'!$B$4:$M$4 = $S$2), 'ж.д.'!$B$6:$M$14)), "-")} -> 125000 | J17: {=IFERROR(_xlfn.XLOOKUP(1, ('ж.д.'!$A$6:$A$14 = $D17) * 1, _xlfn.XLOOKUP(1, ('ж.д.'!$B$5:$M$5 = J$2) * ('ж.д.'!$B$4:$M$4 = $S$2), 'ж.д.'!$B$6:$M$14)), "-")} -> 140000 | K17: {=IFERROR(_xlfn.XLOOKUP(1, ('ж.д.'!$A$6:$A$14 = $D17) * 1, _xlfn.XLOOKUP(1, ('ж.д.'!$B$5:$M$5 = K$2) * ('ж.д.'!$B$4:$M$4 = $S$2), 'ж.д.'!$B$6:$M$14)), "-")} -> 227000 | L17: {=IF(ISNUMBER(SEARCH("Транс",$C17)),_xlfn.XLOOKUP(1,('Фрахт Транс'!$A$5:$A$10=$D17)*1,_xlfn.XLOOKUP(1,('Фрахт Транс'!$B$3:$M$3 = $S$2)*('Фрахт Транс'!$B$4:$M$4=L$2),'Фрахт Транс'!$B$5:$M$10)),SUM($E17, $G17, $I17, $O17))} -> 444100 | M17: {=IF(ISNUMBER(SEARCH("Транс",$C17)),_xlfn.XLOOKUP(1,('Фрахт Транс'!$A$5:$A$10=$D17)*1,_xlfn.XLOOKUP(1,('Фрахт Транс'!$B$3:$M$3=$S$2)*('Фрахт Транс'!$B$4:$M$4=M$2),'Фрахт Транс'!$B$5:$M$10)),SUM($E17, $G17, $J17, $O17))} -> 459100 | N17: {=IF(ISNUMBER(SEARCH("Транс",$C17)),_xlfn.XLOOKUP(1,('Фрахт Транс'!$A$5:$A$10=$D17)*1,_xlfn.XLOOKUP(1,('Фрахт Транс'!$B$3:$M$3=$S$2)*('Фрахт Транс'!$B$4:$M$4=N$2),'Фрахт Транс'!$B$5:$M$10)),SUM($F17, $H17, $K17, $P17))} -> 655200 | O17: {=IFERROR(_xlfn.XLOOKUP(1, (Охрана!$A$6:$A$14 = $D17) * 1, _xlfn.XLOOKUP(1, (Охрана!$B$5:$M$5 = O$2) * (Охрана!$B$4:$M$4 = $S$2), Охрана!$B$6:$M$14)), "-")} -> 4100 | P17: {=IFERROR(_xlfn.XLOOKUP(1, (Охрана!$A$6:$A$14 = $D17) * 1, _xlfn.XLOOKUP(1, (Охрана!$B$5:$M$5 = P$2) * (Охрана!$B$4:$M$4 = $S$2), Охрана!$B$6:$M$14)), "-")} -> 8200
A18: SHANGHAI | B18: SHANGHAI | C18: Трансконтейнер (Сквозной сервис) | D18: ВСК (ТК) Shanghai | E18: {=IFERROR(_xlfn.XLOOKUP(1, (Фрахт!$A$5:$A$80 = $A18)* (Фрахт!$B$5:$B$80 = $C18) * (Фрахт!$C$5:$C$80 =$D18), _xlfn.XLOOKUP(1, (Фрахт!$D$4:$E$4 = E$2) * 1, Фрахт!$D$5:$E$80)) * $S$1, "-")} -> - | F18: {=IFERROR(_xlfn.XLOOKUP(1, (Фрахт!$A$5:$A$80 = $A18)* (Фрахт!$B$5:$B$80 = $C18) * (Фрахт!$C$5:$C$80 =$D18), _xlfn.XLOOKUP(1, (Фрахт!$D$4:$E$4 = F$2) * 1, Фрахт!$D$5:$E$80)) * $S$1, "-")} -> - | G18: {=IFERROR(_xlfn.XLOOKUP(1, ('Drop off'!$A$6:$A$14 = $C18) * 1, _xlfn.XLOOKUP(1, ('Drop off'!$B$5:$I$5 = G$2) * ('Drop off'!$B$4:$I$4 = $S$2), 'Drop off'!$B$6:$I$14)) * $S$1, "-")} -> 0 | H18: {=IFERROR(_xlfn.XLOOKUP(1, ('Drop off'!$A$6:$A$14 = $C18) * 1, _xlfn.XLOOKUP(1, ('Drop off'!$B$5:$I$5 = H$2) * ('Drop off'!$B$4:$I$4 = $S$2), 'Drop off'!$B$6:$I$14)) * $S$1, "-")} -> 0 | I18: {=IFERROR(_xlfn.XLOOKUP(1, ('ж.д.'!$A$6:$A$14 = $D18) * 1, _xlfn.XLOOKUP(1, ('ж.д.'!$B$5:$M$5 = I$2) * ('ж.д.'!$B$4:$M$4 = $S$2), 'ж.д.'!$B$6:$M$14)), "-")} -> - | J18: {=IFERROR(_xlfn.XLOOKUP(1, ('ж.д.'!$A$6:$A$14 = $D18) * 1, _xlfn.XLOOKUP(1, ('ж.д.'!$B$5:$M$5 = J$2) * ('ж.д.'!$B$4:$M$4 = $S$2), 'ж.д.'!$B$6:$M$14)), "-")} -> - | K18: {=IFERROR(_xlfn.XLOOKUP(1, ('ж.д.'!$A$6:$A$14 = $D18) * 1, _xlfn.XLOOKUP(1, ('ж.д.'!$B$5:$M$5 = K$2) * ('ж.д.'!$B$4:$M$4 = $S$2), 'ж.д.'!$B$6:$M$14)), "-")} -> - | L18: {=IF(ISNUMBER(SEARCH("Транс",$C18)),_xlfn.XLOOKUP(1,('Фрахт Транс'!$A$5:$A$10=$D18)*1,_xlfn.XLOOKUP(1,('Фрахт Транс'!$B$3:$M$3 = $S$2)*('Фрахт Транс'!$B$4:$M$4=L$2),'Фрахт Транс'!$B$5:$M$10)),SUM($E18, $G18, $I18, $O18))} -> 356456 | M18: {=IF(ISNUMBER(SEARCH("Транс",$C18)),_xlfn.XLOOKUP(1,('Фрахт Транс'!$A$5:$A$10=$D18)*1,_xlfn.XLOOKUP(1,('Фрахт Транс'!$B$3:$M$3=$S$2)*('Фрахт Транс'!$B$4:$M$4=M$2),'Фрахт Транс'!$B$5:$M$10)),SUM($E18, $G18, $J18, $O18))} -> 373994 | N18: {=IF(ISNUMBER(SEARCH("Транс",$C18)),_xlfn.XLOOKUP(1,('Фрахт Транс'!$A$5:$A$10=$D18)*1,_xlfn.XLOOKUP(1,('Фрахт Транс'!$B$3:$M$3=$S$2)*('Фрахт Транс'!$B$4:$M$4=N$2),'Фрахт Транс'!$B$5:$M$10)),SUM($F18, $H18, $K18, $P18))} -> 519968 | O18: {=IFERROR(_xlfn.XLOOKUP(1, (Охрана!$A$6:$A$14 = $D18) * 1, _xlfn.XLOOKUP(1, (Охрана!$B$5:$M$5 = O$2) * (Охрана!$B$4:$M$4 = $S$2), Охрана!$B$6:$M$14)), "-")} -> - | P18: {=IFERROR(_xlfn.XLOOKUP(1, (Охрана!$A$6:$A$14 = $D18) * 1, _xlfn.XLOOKUP(1, (Охрана!$B$5:$M$5 = P$2) * (Охрана!$B$4:$M$4 = $S$2), Охрана!$B$6:$M$14)), "-")} -> -
A19: SHANGHAI | C19: ФЕСКО | D19: ВМТП (Феско) | E19: {=IFERROR(_xlfn.XLOOKUP(1, (Фрахт!$A$5:$A$80 = $A19)* (Фрахт!$B$5:$B$80 = $C19) * (Фрахт!$C$5:$C$80 =$D19), _xlfn.XLOOKUP(1, (Фрахт!$D$4:$E$4 = E$2) * 1, Фрахт!$D$5:$E$80)) * $S$1, "-")} -> 330000 | F19: {=IFERROR(_xlfn.XLOOKUP(1, (Фрахт!$A$5:$A$80 = $A19)* (Фрахт!$B$5:$B$80 = $C19) * (Фрахт!$C$5:$C$80 =$D19), _xlfn.XLOOKUP(1, (Фрахт!$D$4:$E$4 = F$2) * 1, Фрахт!$D$5:$E$80)) * $S$1, "-")} -> 450000 | G19: {=IFERROR(_xlfn.XLOOKUP(1, ('Drop off'!$A$6:$A$14 = $C19) * 1, _xlfn.XLOOKUP(1, ('Drop off'!$B$5:$I$5 = G$2) * ('Drop off'!$B$4:$I$4 = $S$2), 'Drop off'!$B$6:$I$14)) * $S$1, "-")} -> 0 | H19: {=IFERROR(_xlfn.XLOOKUP(1, ('Drop off'!$A$6:$A$14 = $C19) * 1, _xlfn.XLOOKUP(1, ('Drop off'!$B$5:$I$5 = H$2) * ('Drop off'!$B$4:$I$4 = $S$2), 'Drop off'!$B$6:$I$14)) * $S$1, "-")} -> 0 | I19: {=IFERROR(_xlfn.XLOOKUP(1, ('ж.д.'!$A$6:$A$14 = $D19) * 1, _xlfn.XLOOKUP(1, ('ж.д.'!$B$5:$M$5 = I$2) * ('ж.д.'!$B$4:$M$4 = $S$2), 'ж.д.'!$B$6:$M$14)), "-")} -> 167600 | J19: {=IFERROR(_xlfn.XLOOKUP(1, ('ж.д.'!$A$6:$A$14 = $D19) * 1, _xlfn.XLOOKUP(1, ('ж.д.'!$B$5:$M$5 = J$2) * ('ж.д.'!$B$4:$M$4 = $S$2), 'ж.д.'!$B$6:$M$14)), "-")} -> 181540 | K19: {=IFERROR(_xlfn.XLOOKUP(1, ('ж.д.'!$A$6:$A$14 = $D19) * 1, _xlfn.XLOOKUP(1, ('ж.д.'!$B$5:$M$5 = K$2) * ('ж.д.'!$B$4:$M$4 = $S$2), 'ж.д.'!$B$6:$M$14)), "-")} -> 292000 | L19: {=IF(ISNUMBER(SEARCH("Транс",$C19)),_xlfn.XLOOKUP(1,('Фрахт Транс'!$A$5:$A$10=$D19)*1,_xlfn.XLOOKUP(1,('Фрахт Транс'!$B$3:$M$3 = $S$2)*('Фрахт Транс'!$B$4:$M$4=L$2),'Фрахт Транс'!$B$5:$M$10)),SUM($E19, $G19, $I19, $O19))} -> 501422 | M19: {=IF(ISNUMBER(SEARCH("Транс",$C19)),_xlfn.XLOOKUP(1,('Фрахт Транс'!$A$5:$A$10=$D19)*1,_xlfn.XLOOKUP(1,('Фрахт Транс'!$B$3:$M$3=$S$2)*('Фрахт Транс'!$B$4:$M$4=M$2),'Фрахт Транс'!$B$5:$M$10)),SUM($E19, $G19, $J19, $O19))} -> 515362 | N19: {=IF(ISNUMBER(SEARCH("Транс",$C19)),_xlfn.XLOOKUP(1,('Фрахт Транс'!$A$5:$A$10=$D19)*1,_xlfn.XLOOKUP(1,('Фрахт Транс'!$B$3:$M$3=$S$2)*('Фрахт Транс'!$B$4:$M$4=N$2),'Фрахт Транс'!$B$5:$M$10)),SUM($F19, $H19, $K19, $P19))} -> 748910 | O19: {=IFERROR(_xlfn.XLOOKUP(1, (Охрана!$A$6:$A$14 = $D19) * 1, _xlfn.XLOOKUP(1, (Охрана!$B$5:$M$5 = O$2) * (Охрана!$B$4:$M$4 = $S$2), Охрана!$B$6:$M$14)), "-")} -> 3822 | P19: {=IFERROR(_xlfn.XLOOKUP(1, (Охрана!$A$6:$A$14 = $D19) * 1, _xlfn.XLOOKUP(1, (Охрана!$B$5:$M$5 = P$2) * (Охрана!$B$4:$M$4 = $S$2), Охрана!$B$6:$M$14)), "-")} -> 6910
A20: SHANGHAI | C20: ФЕСКО | D20: ВМТП (Феско ост.) | E20: {=IFERROR(_xlfn.XLOOKUP(1, (Фрахт!$A$5:$A$80 = $A20)* (Фрахт!$B$5:$B$80 = $C20) * (Фрахт!$C$5:$C$80 =$D20), _xlfn.XLOOKUP(1, (Фрахт!$D$4:$E$4 = E$2) * 1, Фрахт!$D$5:$E$80)) * $S$1, "-")} -> 330000 | F20: {=IFERROR(_xlfn.XLOOKUP(1, (Фрахт!$A$5:$A$80 = $A20)* (Фрахт!$B$5:$B$80 = $C20) * (Фрахт!$C$5:$C$80 =$D20), _xlfn.XLOOKUP(1, (Фрахт!$D$4:$E$4 = F$2) * 1, Фрахт!$D$5:$E$80)) * $S$1, "-")} -> 450000 | G20: {=IFERROR(_xlfn.XLOOKUP(1, ('Drop off'!$A$6:$A$14 = $C20) * 1, _xlfn.XLOOKUP(1, ('Drop off'!$B$5:$I$5 = G$2) * ('Drop off'!$B$4:$I$4 = $S$2), 'Drop off'!$B$6:$I$14)) * $S$1, "-")} -> 0 | H20: {=IFERROR(_xlfn.XLOOKUP(1, ('Drop off'!$A$6:$A$14 = $C20) * 1, _xlfn.XLOOKUP(1, ('Drop off'!$B$5:$I$5 = H$2) * ('Drop off'!$B$4:$I$4 = $S$2), 'Drop off'!$B$6:$I$14)) * $S$1, "-")} -> 0 | I20: {=IFERROR(_xlfn.XLOOKUP(1, ('ж.д.'!$A$6:$A$14 = $D20) * 1, _xlfn.XLOOKUP(1, ('ж.д.'!$B$5:$M$5 = I$2) * ('ж.д.'!$B$4:$M$4 = $S$2), 'ж.д.'!$B$6:$M$14)), "-")} -> 173730 | J20: {=IFERROR(_xlfn.XLOOKUP(1, ('ж.д.'!$A$6:$A$14 = $D20) * 1, _xlfn.XLOOKUP(1, ('ж.д.'!$B$5:$M$5 = J$2) * ('ж.д.'!$B$4:$M$4 = $S$2), 'ж.д.'!$B$6:$M$14)), "-")} -> 191045 | K20: {=IFERROR(_xlfn.XLOOKUP(1, ('ж.д.'!$A$6:$A$14 = $D20) * 1, _xlfn.XLOOKUP(1, ('ж.д.'!$B$5:$M$5 = K$2) * ('ж.д.'!$B$4:$M$4 = $S$2), 'ж.д.'!$B$6:$M$14)), "-")} -> 303815 | L20: {=IF(ISNUMBER(SEARCH("Транс",$C20)),_xlfn.XLOOKUP(1,('Фрахт Транс'!$A$5:$A$10=$D20)*1,_xlfn.XLOOKUP(1,('Фрахт Транс'!$B$3:$M$3 = $S$2)*('Фрахт Транс'!$B$4:$M$4=L$2),'Фрахт Транс'!$B$5:$M$10)),SUM($E20, $G20, $I20, $O20))} -> 507552 | M20: {=IF(ISNUMBER(SEARCH("Транс",$C20)),_xlfn.XLOOKUP(1,('Фрахт Транс'!$A$5:$A$10=$D20)*1,_xlfn.XLOOKUP(1,('Фрахт Транс'!$B$3:$M$3=$S$2)*('Фрахт Транс'!$B$4:$M$4=M$2),'Фрахт Транс'!$B$5:$M$10)),SUM($E20, $G20, $J20, $O20))} -> 524867 | N20: {=IF(ISNUMBER(SEARCH("Транс",$C20)),_xlfn.XLOOKUP(1,('Фрахт Транс'!$A$5:$A$10=$D20)*1,_xlfn.XLOOKUP(1,('Фрахт Транс'!$B$3:$M$3=$S$2)*('Фрахт Транс'!$B$4:$M$4=N$2),'Фрахт Транс'!$B$5:$M$10)),SUM($F20, $H20, $K20, $P20))} -> 760725 | O20: {=IFERROR(_xlfn.XLOOKUP(1, (Охрана!$A$6:$A$14 = $D20) * 1, _xlfn.XLOOKUP(1, (Охрана!$B$5:$M$5 = O$2) * (Охрана!$B$4:$M$4 = $S$2), Охрана!$B$6:$M$14)), "-")} -> 3822 | P20: {=IFERROR(_xlfn.XLOOKUP(1, (Охрана!$A$6:$A$14 = $D20) * 1, _xlfn.XLOOKUP(1, (Охрана!$B$5:$M$5 = P$2) * (Охрана!$B$4:$M$4 = $S$2), Охрана!$B$6:$M$14)), "-")} -> 6910
A21: SHANGHAI | C21: SINOKOR | D21: ВСК | E21: {=IFERROR(_xlfn.XLOOKUP(1, (Фрахт!$A$5:$A$80 = $A21)* (Фрахт!$B$5:$B$80 = $C21) * (Фрахт!$C$5:$C$80 =$D21), _xlfn.XLOOKUP(1, (Фрахт!$D$4:$E$4 = E$2) * 1, Фрахт!$D$5:$E$80)) * $S$1, "-")} -> 283500 | F21: {=IFERROR(_xlfn.XLOOKUP(1, (Фрахт!$A$5:$A$80 = $A21)* (Фрахт!$B$5:$B$80 = $C21) * (Фрахт!$C$5:$C$80 =$D21), _xlfn.XLOOKUP(1, (Фрахт!$D$4:$E$4 = F$2) * 1, Фрахт!$D$5:$E$80)) * $S$1, "-")} -> 472500 | G21: {=IFERROR(_xlfn.XLOOKUP(1, ('Drop off'!$A$6:$A$14 = $C21) * 1, _xlfn.XLOOKUP(1, ('Drop off'!$B$5:$I$5 = G$2) * ('Drop off'!$B$4:$I$4 = $S$2), 'Drop off'!$B$6:$I$14)) * $S$1, "-")} -> 56700 | H21: {=IFERROR(_xlfn.XLOOKUP(1, ('Drop off'!$A$6:$A$14 = $C21) * 1, _xlfn.XLOOKUP(1, ('Drop off'!$B$5:$I$5 = H$2) * ('Drop off'!$B$4:$I$4 = $S$2), 'Drop off'!$B$6:$I$14)) * $S$1, "-")} -> 37800 | I21: {=IFERROR(_xlfn.XLOOKUP(1, ('ж.д.'!$A$6:$A$14 = $D21) * 1, _xlfn.XLOOKUP(1, ('ж.д.'!$B$5:$M$5 = I$2) * ('ж.д.'!$B$4:$M$4 = $S$2), 'ж.д.'!$B$6:$M$14)), "-")} -> 122400 | J21: {=IFERROR(_xlfn.XLOOKUP(1, ('ж.д.'!$A$6:$A$14 = $D21) * 1, _xlfn.XLOOKUP(1, ('ж.д.'!$B$5:$M$5 = J$2) * ('ж.д.'!$B$4:$M$4 = $S$2), 'ж.д.'!$B$6:$M$14)), "-")} -> 139800 | K21: {=IFERROR(_xlfn.XLOOKUP(1, ('ж.д.'!$A$6:$A$14 = $D21) * 1, _xlfn.XLOOKUP(1, ('ж.д.'!$B$5:$M$5 = K$2) * ('ж.д.'!$B$4:$M$4 = $S$2), 'ж.д.'!$B$6:$M$14)), "-")} -> 224600 | L21: {=IF(ISNUMBER(SEARCH("Транс",$C21)),_xlfn.XLOOKUP(1,('Фрахт Транс'!$A$5:$A$10=$D21)*1,_xlfn.XLOOKUP(1,('Фрахт Транс'!$B$3:$M$3 = $S$2)*('Фрахт Транс'!$B$4:$M$4=L$2),'Фрахт Транс'!$B$5:$M$10)),SUM($E21, $G21, $I21, $O21))} -> 465994 | M21: {=IF(ISNUMBER(SEARCH("Транс",$C21)),_xlfn.XLOOKUP(1,('Фрахт Транс'!$A$5:$A$10=$D21)*1,_xlfn.XLOOKUP(1,('Фрахт Транс'!$B$3:$M$3=$S$2)*('Фрахт Транс'!$B$4:$M$4=M$2),'Фрахт Транс'!$B$5:$M$10)),SUM($E21, $G21, $J21, $O21))} -> 483394 | N21: {=IF(ISNUMBER(SEARCH("Транс",$C21)),_xlfn.XLOOKUP(1,('Фрахт Транс'!$A$5:$A$10=$D21)*1,_xlfn.XLOOKUP(1,('Фрахт Транс'!$B$3:$M$3=$S$2)*('Фрахт Транс'!$B$4:$M$4=N$2),'Фрахт Транс'!$B$5:$M$10)),SUM($F21, $H21, $K21, $P21))} -> 741701 | O21: {=IFERROR(_xlfn.XLOOKUP(1, (Охрана!$A$6:$A$14 = $D21) * 1, _xlfn.XLOOKUP(1, (Охрана!$B$5:$M$5 = O$2) * (Охрана!$B$4:$M$4 = $S$2), Охрана!$B$6:$M$14)), "-")} -> 3394 | P21: {=IFERROR(_xlfn.XLOOKUP(1, (Охрана!$A$6:$A$14 = $D21) * 1, _xlfn.XLOOKUP(1, (Охрана!$B$5:$M$5 = P$2) * (Охрана!$B$4:$M$4 = $S$2), Охрана!$B$6:$M$14)), "-")} -> 6801
A22: SHANGHAI | C22: SINOKOR | D22: Соллерс | E22: {=IFERROR(_xlfn.XLOOKUP(1, (Фрахт!$A$5:$A$80 = $A22)* (Фрахт!$B$5:$B$80 = $C22) * (Фрахт!$C$5:$C$80 =$D22), _xlfn.XLOOKUP(1, (Фрахт!$D$4:$E$4 = E$2) * 1, Фрахт!$D$5:$E$80)) * $S$1, "-")} -> 283500 | F22: {=IFERROR(_xlfn.XLOOKUP(1, (Фрахт!$A$5:$A$80 = $A22)* (Фрахт!$B$5:$B$80 = $C22) * (Фрахт!$C$5:$C$80 =$D22), _xlfn.XLOOKUP(1, (Фрахт!$D$4:$E$4 = F$2) * 1, Фрахт!$D$5:$E$80)) * $S$1, "-")} -> 472500 | G22: {=IFERROR(_xlfn.XLOOKUP(1, ('Drop off'!$A$6:$A$14 = $C22) * 1, _xlfn.XLOOKUP(1, ('Drop off'!$B$5:$I$5 = G$2) * ('Drop off'!$B$4:$I$4 = $S$2), 'Drop off'!$B$6:$I$14)) * $S$1, "-")} -> 56700 | H22: {=IFERROR(_xlfn.XLOOKUP(1, ('Drop off'!$A$6:$A$14 = $C22) * 1, _xlfn.XLOOKUP(1, ('Drop off'!$B$5:$I$5 = H$2) * ('Drop off'!$B$4:$I$4 = $S$2), 'Drop off'!$B$6:$I$14)) * $S$1, "-")} -> 37800 | I22: {=IFERROR(_xlfn.XLOOKUP(1, ('ж.д.'!$A$6:$A$14 = $D22) * 1, _xlfn.XLOOKUP(1, ('ж.д.'!$B$5:$M$5 = I$2) * ('ж.д.'!$B$4:$M$4 = $S$2), 'ж.д.'!$B$6:$M$14)), "-")} -> 134400 | J22: {=IFERROR(_xlfn.XLOOKUP(1, ('ж.д.'!$A$6:$A$14 = $D22) * 1, _xlfn.XLOOKUP(1, ('ж.д.'!$B$5:$M$5 = J$2) * ('ж.д.'!$B$4:$M$4 = $S$2), 'ж.д.'!$B$6:$M$14)), "-")} -> 149400 | K22: {=IFERROR(_xlfn.XLOOKUP(1, ('ж.д.'!$A$6:$A$14 = $D22) * 1, _xlfn.XLOOKUP(1, ('ж.д.'!$B$5:$M$5 = K$2) * ('ж.д.'!$B$4:$M$4 = $S$2), 'ж.д.'!$B$6:$M$14)), "-")} -> 235000 | L22: {=IF(ISNUMBER(SEARCH("Транс",$C22)),_xlfn.XLOOKUP(1,('Фрахт Транс'!$A$5:$A$10=$D22)*1,_xlfn.XLOOKUP(1,('Фрахт Транс'!$B$3:$M$3 = $S$2)*('Фрахт Транс'!$B$4:$M$4=L$2),'Фрахт Транс'!$B$5:$M$10)),SUM($E22, $G22, $I22, $O22))} -> 477994 | M22: {=IF(ISNUMBER(SEARCH("Транс",$C22)),_xlfn.XLOOKUP(1,('Фрахт Транс'!$A$5:$A$10=$D22)*1,_xlfn.XLOOKUP(1,('Фрахт Транс'!$B$3:$M$3=$S$2)*('Фрахт Транс'!$B$4:$M$4=M$2),'Фрахт Транс'!$B$5:$M$10)),SUM($E22, $G22, $J22, $O22))} -> 492994 | N22: {=IF(ISNUMBER(SEARCH("Транс",$C22)),_xlfn.XLOOKUP(1,('Фрахт Транс'!$A$5:$A$10=$D22)*1,_xlfn.XLOOKUP(1,('Фрахт Транс'!$B$3:$M$3=$S$2)*('Фрахт Транс'!$B$4:$M$4=N$2),'Фрахт Транс'!$B$5:$M$10)),SUM($F22, $H22, $K22, $P22))} -> 752101 | O22: {=IFERROR(_xlfn.XLOOKUP(1, (Охрана!$A$6:$A$14 = $D22) * 1, _xlfn.XLOOKUP(1, (Охрана!$B$5:$M$5 = O$2) * (Охрана!$B$4:$M$4 = $S$2), Охрана!$B$6:$M$14)), "-")} -> 3394 | P22: {=IFERROR(_xlfn.XLOOKUP(1, (Охрана!$A$6:$A$14 = $D22) * 1, _xlfn.XLOOKUP(1, (Охрана!$B$5:$M$5 = P$2) * (Охрана!$B$4:$M$4 = $S$2), Охрана!$B$6:$M$14)), "-")} -> 6801
A23: SHANGHAI | C23: SINOKOR | D23: ВМТП | E23: {=IFERROR(_xlfn.XLOOKUP(1, (Фрахт!$A$5:$A$80 = $A23)* (Фрахт!$B$5:$B$80 = $C23) * (Фрахт!$C$5:$C$80 =$D23), _xlfn.XLOOKUP(1, (Фрахт!$D$4:$E$4 = E$2) * 1, Фрахт!$D$5:$E$80)) * $S$1, "-")} -> 283500 | F23: {=IFERROR(_xlfn.XLOOKUP(1, (Фрахт!$A$5:$A$80 = $A23)* (Фрахт!$B$5:$B$80 = $C23) * (Фрахт!$C$5:$C$80 =$D23), _xlfn.XLOOKUP(1, (Фрахт!$D$4:$E$4 = F$2) * 1, Фрахт!$D$5:$E$80)) * $S$1, "-")} -> 472500 | G23: {=IFERROR(_xlfn.XLOOKUP(1, ('Drop off'!$A$6:$A$14 = $C23) * 1, _xlfn.XLOOKUP(1, ('Drop off'!$B$5:$I$5 = G$2) * ('Drop off'!$B$4:$I$4 = $S$2), 'Drop off'!$B$6:$I$14)) * $S$1, "-")} -> 56700 | H23: {=IFERROR(_xlfn.XLOOKUP(1, ('Drop off'!$A$6:$A$14 = $C23) * 1, _xlfn.XLOOKUP(1, ('Drop off'!$B$5:$I$5 = H$2) * ('Drop off'!$B$4:$I$4 = $S$2), 'Drop off'!$B$6:$I$14)) * $S$1, "-")} -> 37800 | I23: {=IFERROR(_xlfn.XLOOKUP(1, ('ж.д.'!$A$6:$A$14 = $D23) * 1, _xlfn.XLOOKUP(1, ('ж.д.'!$B$5:$M$5 = I$2) * ('ж.д.'!$B$4:$M$4 = $S$2), 'ж.д.'!$B$6:$M$14)), "-")} -> 141000 | J23: {=IFERROR(_xlfn.XLOOKUP(1, ('ж.д.'!$A$6:$A$14 = $D23) * 1, _xlfn.XLOOKUP(1, ('ж.д.'!$B$5:$M$5 = J$2) * ('ж.д.'!$B$4:$M$4 = $S$2), 'ж.д.'!$B$6:$M$14)), "-")} -> 156600 | K23: {=IFERROR(_xlfn.XLOOKUP(1, ('ж.д.'!$A$6:$A$14 = $D23) * 1, _xlfn.XLOOKUP(1, ('ж.д.'!$B$5:$M$5 = K$2) * ('ж.д.'!$B$4:$M$4 = $S$2), 'ж.д.'!$B$6:$M$14)), "-")} -> 261000 | L23: {=IF(ISNUMBER(SEARCH("Транс",$C23)),_xlfn.XLOOKUP(1,('Фрахт Транс'!$A$5:$A$10=$D23)*1,_xlfn.XLOOKUP(1,('Фрахт Транс'!$B$3:$M$3 = $S$2)*('Фрахт Транс'!$B$4:$M$4=L$2),'Фрахт Транс'!$B$5:$M$10)),SUM($E23, $G23, $I23, $O23))} -> 485022 | M23: {=IF(ISNUMBER(SEARCH("Транс",$C23)),_xlfn.XLOOKUP(1,('Фрахт Транс'!$A$5:$A$10=$D23)*1,_xlfn.XLOOKUP(1,('Фрахт Транс'!$B$3:$M$3=$S$2)*('Фрахт Транс'!$B$4:$M$4=M$2),'Фрахт Транс'!$B$5:$M$10)),SUM($E23, $G23, $J23, $O23))} -> 500622 | N23: {=IF(ISNUMBER(SEARCH("Транс",$C23)),_xlfn.XLOOKUP(1,('Фрахт Транс'!$A$5:$A$10=$D23)*1,_xlfn.XLOOKUP(1,('Фрахт Транс'!$B$3:$M$3=$S$2)*('Фрахт Транс'!$B$4:$M$4=N$2),'Фрахт Транс'!$B$5:$M$10)),SUM($F23, $H23, $K23, $P23))} -> 778210 | O23: {=IFERROR(_xlfn.XLOOKUP(1, (Охрана!$A$6:$A$14 = $D23) * 1, _xlfn.XLOOKUP(1, (Охрана!$B$5:$M$5 = O$2) * (Охрана!$B$4:$M$4 = $S$2), Охрана!$B$6:$M$14)), "-")} -> 3822 | P23: {=IFERROR(_xlfn.XLOOKUP(1, (Охрана!$A$6:$A$14 = $D23) * 1, _xlfn.XLOOKUP(1, (Охрана!$B$5:$M$5 = P$2) * (Охрана!$B$4:$M$4 = $S$2), Охрана!$B$6:$M$14)), "-")} -> 6910
A24: SHANGHAI | C24: SINOKOR | D24: ВМКТ | E24: {=IFERROR(_xlfn.XLOOKUP(1, (Фрахт!$A$5:$A$80 = $A24)* (Фрахт!$B$5:$B$80 = $C24) * (Фрахт!$C$5:$C$80 =$D24), _xlfn.XLOOKUP(1, (Фрахт!$D$4:$E$4 = E$2) * 1, Фрахт!$D$5:$E$80)) * $S$1, "-")} -> 283500 | F24: {=IFERROR(_xlfn.XLOOKUP(1, (Фрахт!$A$5:$A$80 = $A24)* (Фрахт!$B$5:$B$80 = $C24) * (Фрахт!$C$5:$C$80 =$D24), _xlfn.XLOOKUP(1, (Фрахт!$D$4:$E$4 = F$2) * 1, Фрахт!$D$5:$E$80)) * $S$1, "-")} -> 472500 | G24: {=IFERROR(_xlfn.XLOOKUP(1, ('Drop off'!$A$6:$A$14 = $C24) * 1, _xlfn.XLOOKUP(1, ('Drop off'!$B$5:$I$5 = G$2) * ('Drop off'!$B$4:$I$4 = $S$2), 'Drop off'!$B$6:$I$14)) * $S$1, "-")} -> 56700 | H24: {=IFERROR(_xlfn.XLOOKUP(1, ('Drop off'!$A$6:$A$14 = $C24) * 1, _xlfn.XLOOKUP(1, ('Drop off'!$B$5:$I$5 = H$2) * ('Drop off'!$B$4:$I$4 = $S$2), 'Drop off'!$B$6:$I$14)) * $S$1, "-")} -> 37800 | I24: {=IFERROR(_xlfn.XLOOKUP(1, ('ж.д.'!$A$6:$A$14 = $D24) * 1, _xlfn.XLOOKUP(1, ('ж.д.'!$B$5:$M$5 = I$2) * ('ж.д.'!$B$4:$M$4 = $S$2), 'ж.д.'!$B$6:$M$14)), "-")} -> 125000 | J24: {=IFERROR(_xlfn.XLOOKUP(1, ('ж.д.'!$A$6:$A$14 = $D24) * 1, _xlfn.XLOOKUP(1, ('ж.д.'!$B$5:$M$5 = J$2) * ('ж.д.'!$B$4:$M$4 = $S$2), 'ж.д.'!$B$6:$M$14)), "-")} -> 140000 | K24: {=IFERROR(_xlfn.XLOOKUP(1, ('ж.д.'!$A$6:$A$14 = $D24) * 1, _xlfn.XLOOKUP(1, ('ж.д.'!$B$5:$M$5 = K$2) * ('ж.д.'!$B$4:$M$4 = $S$2), 'ж.д.'!$B$6:$M$14)), "-")} -> 227000 | L24: {=IF(ISNUMBER(SEARCH("Транс",$C24)),_xlfn.XLOOKUP(1,('Фрахт Транс'!$A$5:$A$10=$D24)*1,_xlfn.XLOOKUP(1,('Фрахт Транс'!$B$3:$M$3 = $S$2)*('Фрахт Транс'!$B$4:$M$4=L$2),'Фрахт Транс'!$B$5:$M$10)),SUM($E24, $G24, $I24, $O24))} -> 469300 | M24: {=IF(ISNUMBER(SEARCH("Транс",$C24)),_xlfn.XLOOKUP(1,('Фрахт Транс'!$A$5:$A$10=$D24)*1,_xlfn.XLOOKUP(1,('Фрахт Транс'!$B$3:$M$3=$S$2)*('Фрахт Транс'!$B$4:$M$4=M$2),'Фрахт Транс'!$B$5:$M$10)),SUM($E24, $G24, $J24, $O24))} -> 484300 | N24: {=IF(ISNUMBER(SEARCH("Транс",$C24)),_xlfn.XLOOKUP(1,('Фрахт Транс'!$A$5:$A$10=$D24)*1,_xlfn.XLOOKUP(1,('Фрахт Транс'!$B$3:$M$3=$S$2)*('Фрахт Транс'!$B$4:$M$4=N$2),'Фрахт Транс'!$B$5:$M$10)),SUM($F24, $H24, $K24, $P24))} -> 745500 | O24: {=IFERROR(_xlfn.XLOOKUP(1, (Охрана!$A$6:$A$14 = $D24) * 1, _xlfn.XLOOKUP(1, (Охрана!$B$5:$M$5 = O$2) * (Охрана!$B$4:$M$4 = $S$2), Охрана!$B$6:$M$14)), "-")} -> 4100 | P24: {=IFERROR(_xlfn.XLOOKUP(1, (Охрана!$A$6:$A$14 = $D24) * 1, _xlfn.XLOOKUP(1, (Охрана!$B$5:$M$5 = P$2) * (Охрана!$B$4:$M$4 = $S$2), Охрана!$B$6:$M$14)), "-")} -> 8200
A25: SHANGHAI | C25: HUAXIN (TAICANG) | D25: СОЛЛЕРС | E25: {=IFERROR(_xlfn.XLOOKUP(1, (Фрахт!$A$5:$A$80 = $A25)* (Фрахт!$B$5:$B$80 = $C25) * (Фрахт!$C$5:$C$80 =$D25), _xlfn.XLOOKUP(1, (Фрахт!$D$4:$E$4 = E$2) * 1, Фрахт!$D$5:$E$80)) * $S$1, "-")} -> 245160 | F25: {=IFERROR(_xlfn.XLOOKUP(1, (Фрахт!$A$5:$A$80 = $A25)* (Фрахт!$B$5:$B$80 = $C25) * (Фрахт!$C$5:$C$80 =$D25), _xlfn.XLOOKUP(1, (Фрахт!$D$4:$E$4 = F$2) * 1, Фрахт!$D$5:$E$80)) * $S$1, "-")} -> 412320 | G25: {=IFERROR(_xlfn.XLOOKUP(1, ('Drop off'!$A$6:$A$14 = $C25) * 1, _xlfn.XLOOKUP(1, ('Drop off'!$B$5:$I$5 = G$2) * ('Drop off'!$B$4:$I$4 = $S$2), 'Drop off'!$B$6:$I$14)) * $S$1, "-")} -> - | H25: {=IFERROR(_xlfn.XLOOKUP(1, ('Drop off'!$A$6:$A$14 = $C25) * 1, _xlfn.XLOOKUP(1, ('Drop off'!$B$5:$I$5 = H$2) * ('Drop off'!$B$4:$I$4 = $S$2), 'Drop off'!$B$6:$I$14)) * $S$1, "-")} -> - | I25: {=IFERROR(_xlfn.XLOOKUP(1, ('ж.д.'!$A$6:$A$14 = $D25) * 1, _xlfn.XLOOKUP(1, ('ж.д.'!$B$5:$M$5 = I$2) * ('ж.д.'!$B$4:$M$4 = $S$2), 'ж.д.'!$B$6:$M$14)), "-")} -> 134400 | J25: {=IFERROR(_xlfn.XLOOKUP(1, ('ж.д.'!$A$6:$A$14 = $D25) * 1, _xlfn.XLOOKUP(1, ('ж.д.'!$B$5:$M$5 = J$2) * ('ж.д.'!$B$4:$M$4 = $S$2), 'ж.д.'!$B$6:$M$14)), "-")} -> 149400 | K25: {=IFERROR(_xlfn.XLOOKUP(1, ('ж.д.'!$A$6:$A$14 = $D25) * 1, _xlfn.XLOOKUP(1, ('ж.д.'!$B$5:$M$5 = K$2) * ('ж.д.'!$B$4:$M$4 = $S$2), 'ж.д.'!$B$6:$M$14)), "-")} -> 235000 | L25: {=IF(ISNUMBER(SEARCH("Транс",$C25)),_xlfn.XLOOKUP(1,('Фрахт Транс'!$A$5:$A$10=$D25)*1,_xlfn.XLOOKUP(1,('Фрахт Транс'!$B$3:$M$3 = $S$2)*('Фрахт Транс'!$B$4:$M$4=L$2),'Фрахт Транс'!$B$5:$M$10)),SUM($E25, $G25, $I25, $O25))} -> 382954 | M25: {=IF(ISNUMBER(SEARCH("Транс",$C25)),_xlfn.XLOOKUP(1,('Фрахт Транс'!$A$5:$A$10=$D25)*1,_xlfn.XLOOKUP(1,('Фрахт Транс'!$B$3:$M$3=$S$2)*('Фрахт Транс'!$B$4:$M$4=M$2),'Фрахт Транс'!$B$5:$M$10)),SUM($E25, $G25, $J25, $O25))} -> 397954 | N25: {=IF(ISNUMBER(SEARCH("Транс",$C25)),_xlfn.XLOOKUP(1,('Фрахт Транс'!$A$5:$A$10=$D25)*1,_xlfn.XLOOKUP(1,('Фрахт Транс'!$B$3:$M$3=$S$2)*('Фрахт Транс'!$B$4:$M$4=N$2),'Фрахт Транс'!$B$5:$M$10)),SUM($F25, $H25, $K25, $P25))} -> 654121 | O25: {=IFERROR(_xlfn.XLOOKUP(1, (Охрана!$A$6:$A$14 = $D25) * 1, _xlfn.XLOOKUP(1, (Охрана!$B$5:$M$5 = O$2) * (Охрана!$B$4:$M$4 = $S$2), Охрана!$B$6:$M$14)), "-")} -> 3394 | P25: {=IFERROR(_xlfn.XLOOKUP(1, (Охрана!$A$6:$A$14 = $D25) * 1, _xlfn.XLOOKUP(1, (Охрана!$B$5:$M$5 = P$2) * (Охрана!$B$4:$M$4 = $S$2), Охрана!$B$6:$M$14)), "-")} -> 6801
A26: SHANGHAI | C26: ТоргМолл | D26: ВСК | E26: {=IFERROR(_xlfn.XLOOKUP(1, (Фрахт!$A$5:$A$80 = $A26)* (Фрахт!$B$5:$B$80 = $C26) * (Фрахт!$C$5:$C$80 =$D26), _xlfn.XLOOKUP(1, (Фрахт!$D$4:$E$4 = E$2) * 1, Фрахт!$D$5:$E$80)) * $S$1, "-")} -> 216000 | F26: {=IFERROR(_xlfn.XLOOKUP(1, (Фрахт!$A$5:$A$80 = $A26)* (Фрахт!$B$5:$B$80 = $C26) * (Фрахт!$C$5:$C$80 =$D26), _xlfn.XLOOKUP(1, (Фрахт!$D$4:$E$4 = F$2) * 1, Фрахт!$D$5:$E$80)) * $S$1, "-")} -> 360000 | G26: {=IFERROR(_xlfn.XLOOKUP(1, ('Drop off'!$A$6:$A$14 = $C26) * 1, _xlfn.XLOOKUP(1, ('Drop off'!$B$5:$I$5 = G$2) * ('Drop off'!$B$4:$I$4 = $S$2), 'Drop off'!$B$6:$I$14)) * $S$1, "-")} -> 0 | H26: {=IFERROR(_xlfn.XLOOKUP(1, ('Drop off'!$A$6:$A$14 = $C26) * 1, _xlfn.XLOOKUP(1, ('Drop off'!$B$5:$I$5 = H$2) * ('Drop off'!$B$4:$I$4 = $S$2), 'Drop off'!$B$6:$I$14)) * $S$1, "-")} -> 0 | I26: {=IFERROR(_xlfn.XLOOKUP(1, ('ж.д.'!$A$6:$A$14 = $D26) * 1, _xlfn.XLOOKUP(1, ('ж.д.'!$B$5:$M$5 = I$2) * ('ж.д.'!$B$4:$M$4 = $S$2), 'ж.д.'!$B$6:$M$14)), "-")} -> 122400 | J26: {=IFERROR(_xlfn.XLOOKUP(1, ('ж.д.'!$A$6:$A$14 = $D26) * 1, _xlfn.XLOOKUP(1, ('ж.д.'!$B$5:$M$5 = J$2) * ('ж.д.'!$B$4:$M$4 = $S$2), 'ж.д.'!$B$6:$M$14)), "-")} -> 139800 | K26: {=IFERROR(_xlfn.XLOOKUP(1, ('ж.д.'!$A$6:$A$14 = $D26) * 1, _xlfn.XLOOKUP(1, ('ж.д.'!$B$5:$M$5 = K$2) * ('ж.д.'!$B$4:$M$4 = $S$2), 'ж.д.'!$B$6:$M$14)), "-")} -> 224600 | L26: {=IF(ISNUMBER(SEARCH("Транс",$C26)),_xlfn.XLOOKUP(1,('Фрахт Транс'!$A$5:$A$10=$D26)*1,_xlfn.XLOOKUP(1,('Фрахт Транс'!$B$3:$M$3 = $S$2)*('Фрахт Транс'!$B$4:$M$4=L$2),'Фрахт Транс'!$B$5:$M$10)),SUM($E26, $G26, $I26, $O26))} -> 341794 | M26: {=IF(ISNUMBER(SEARCH("Транс",$C26)),_xlfn.XLOOKUP(1,('Фрахт Транс'!$A$5:$A$10=$D26)*1,_xlfn.XLOOKUP(1,('Фрахт Транс'!$B$3:$M$3=$S$2)*('Фрахт Транс'!$B$4:$M$4=M$2),'Фрахт Транс'!$B$5:$M$10)),SUM($E26, $G26, $J26, $O26))} -> 359194 | N26: {=IF(ISNUMBER(SEARCH("Транс",$C26)),_xlfn.XLOOKUP(1,('Фрахт Транс'!$A$5:$A$10=$D26)*1,_xlfn.XLOOKUP(1,('Фрахт Транс'!$B$3:$M$3=$S$2)*('Фрахт Транс'!$B$4:$M$4=N$2),'Фрахт Транс'!$B$5:$M$10)),SUM($F26, $H26, $K26, $P26))} -> 591401 | O26: {=IFERROR(_xlfn.XLOOKUP(1, (Охрана!$A$6:$A$14 = $D26) * 1, _xlfn.XLOOKUP(1, (Охрана!$B$5:$M$5 = O$2) * (Охрана!$B$4:$M$4 = $S$2), Охрана!$B$6:$M$14)), "-")} -> 3394 | P26: {=IFERROR(_xlfn.XLOOKUP(1, (Охрана!$A$6:$A$14 = $D26) * 1, _xlfn.XLOOKUP(1, (Охрана!$B$5:$M$5 = P$2) * (Охрана!$B$4:$M$4 = $S$2), Охрана!$B$6:$M$14)), "-")} -> 6801
A27: SHANGHAI | C27: ТоргМолл (Taicang) | D27: ВСК | E27: {=IFERROR(_xlfn.XLOOKUP(1, (Фрахт!$A$5:$A$80 = $A27)* (Фрахт!$B$5:$B$80 = $C27) * (Фрахт!$C$5:$C$80 =$D27), _xlfn.XLOOKUP(1, (Фрахт!$D$4:$E$4 = E$2) * 1, Фрахт!$D$5:$E$80)) * $S$1, "-")} -> - | F27: {=IFERROR(_xlfn.XLOOKUP(1, (Фрахт!$A$5:$A$80 = $A27)* (Фрахт!$B$5:$B$80 = $C27) * (Фрахт!$C$5:$C$80 =$D27), _xlfn.XLOOKUP(1, (Фрахт!$D$4:$E$4 = F$2) * 1, Фрахт!$D$5:$E$80)) * $S$1, "-")} -> - | G27: {=IFERROR(_xlfn.XLOOKUP(1, ('Drop off'!$A$6:$A$14 = $C27) * 1, _xlfn.XLOOKUP(1, ('Drop off'!$B$5:$I$5 = G$2) * ('Drop off'!$B$4:$I$4 = $S$2), 'Drop off'!$B$6:$I$14)) * $S$1, "-")} -> 0 | H27: {=IFERROR(_xlfn.XLOOKUP(1, ('Drop off'!$A$6:$A$14 = $C27) * 1, _xlfn.XLOOKUP(1, ('Drop off'!$B$5:$I$5 = H$2) * ('Drop off'!$B$4:$I$4 = $S$2), 'Drop off'!$B$6:$I$14)) * $S$1, "-")} -> 0 | I27: {=IFERROR(_xlfn.XLOOKUP(1, ('ж.д.'!$A$6:$A$14 = $D27) * 1, _xlfn.XLOOKUP(1, ('ж.д.'!$B$5:$M$5 = I$2) * ('ж.д.'!$B$4:$M$4 = $S$2), 'ж.д.'!$B$6:$M$14)), "-")} -> 122400 | J27: {=IFERROR(_xlfn.XLOOKUP(1, ('ж.д.'!$A$6:$A$14 = $D27) * 1, _xlfn.XLOOKUP(1, ('ж.д.'!$B$5:$M$5 = J$2) * ('ж.д.'!$B$4:$M$4 = $S$2), 'ж.д.'!$B$6:$M$14)), "-")} -> 139800 | K27: {=IFERROR(_xlfn.XLOOKUP(1, ('ж.д.'!$A$6:$A$14 = $D27) * 1, _xlfn.XLOOKUP(1, ('ж.д.'!$B$5:$M$5 = K$2) * ('ж.д.'!$B$4:$M$4 = $S$2), 'ж.д.'!$B$6:$M$14)), "-")} -> 224600 | L27: {=IF(ISNUMBER(SEARCH("Транс",$C27)),_xlfn.XLOOKUP(1,('Фрахт Транс'!$A$5:$A$10=$D27)*1,_xlfn.XLOOKUP(1,('Фрахт Транс'!$B$3:$M$3 = $S$2)*('Фрахт Транс'!$B$4:$M$4=L$2),'Фрахт Транс'!$B$5:$M$10)),SUM($E27, $G27, $I27, $O27))} -> 125794 | M27: {=IF(ISNUMBER(SEARCH("Транс",$C27)),_xlfn.XLOOKUP(1,('Фрахт Транс'!$A$5:$A$10=$D27)*1,_xlfn.XLOOKUP(1,('Фрахт Транс'!$B$3:$M$3=$S$2)*('Фрахт Транс'!$B$4:$M$4=M$2),'Фрахт Транс'!$B$5:$M$10)),SUM($E27, $G27, $J27, $O27))} -> 143194 | N27: {=IF(ISNUMBER(SEARCH("Транс",$C27)),_xlfn.XLOOKUP(1,('Фрахт Транс'!$A$5:$A$10=$D27)*1,_xlfn.XLOOKUP(1,('Фрахт Транс'!$B$3:$M$3=$S$2)*('Фрахт Транс'!$B$4:$M$4=N$2),'Фрахт Транс'!$B$5:$M$10)),SUM($F27, $H27, $K27, $P27))} -> 231401 | O27: {=IFERROR(_xlfn.XLOOKUP(1, (Охрана!$A$6:$A$14 = $D27) * 1, _xlfn.XLOOKUP(1, (Охрана!$B$5:$M$5 = O$2) * (Охрана!$B$4:$M$4 = $S$2), Охрана!$B$6:$M$14)), "-")} -> 3394 | P27: {=IFERROR(_xlfn.XLOOKUP(1, (Охрана!$A$6:$A$14 = $D27) * 1, _xlfn.XLOOKUP(1, (Охрана!$B$5:$M$5 = P$2) * (Охрана!$B$4:$M$4 = $S$2), Охрана!$B$6:$M$14)), "-")} -> 6801
A28: SHANGHAI | C28: SWIFT (Taicang) | D28: ВСК | E28: {=IFERROR(_xlfn.XLOOKUP(1, (Фрахт!$A$5:$A$80 = $A28)* (Фрахт!$B$5:$B$80 = $C28) * (Фрахт!$C$5:$C$80 =$D28), _xlfn.XLOOKUP(1, (Фрахт!$D$4:$E$4 = E$2) * 1, Фрахт!$D$5:$E$80)) * $S$1, "-")} -> - | F28: {=IFERROR(_xlfn.XLOOKUP(1, (Фрахт!$A$5:$A$80 = $A28)* (Фрахт!$B$5:$B$80 = $C28) * (Фрахт!$C$5:$C$80 =$D28), _xlfn.XLOOKUP(1, (Фрахт!$D$4:$E$4 = F$2) * 1, Фрахт!$D$5:$E$80)) * $S$1, "-")} -> - | G28: {=IFERROR(_xlfn.XLOOKUP(1, ('Drop off'!$A$6:$A$14 = $C28) * 1, _xlfn.XLOOKUP(1, ('Drop off'!$B$5:$I$5 = G$2) * ('Drop off'!$B$4:$I$4 = $S$2), 'Drop off'!$B$6:$I$14)) * $S$1, "-")} -> - | H28: {=IFERROR(_xlfn.XLOOKUP(1, ('Drop off'!$A$6:$A$14 = $C28) * 1, _xlfn.XLOOKUP(1, ('Drop off'!$B$5:$I$5 = H$2) * ('Drop off'!$B$4:$I$4 = $S$2), 'Drop off'!$B$6:$I$14)) * $S$1, "-")} -> - | I28: {=IFERROR(_xlfn.XLOOKUP(1, ('ж.д.'!$A$6:$A$14 = $D28) * 1, _xlfn.XLOOKUP(1, ('ж.д.'!$B$5:$M$5 = I$2) * ('ж.д.'!$B$4:$M$4 = $S$2), 'ж.д.'!$B$6:$M$14)), "-")} -> 122400 | J28: {=IFERROR(_xlfn.XLOOKUP(1, ('ж.д.'!$A$6:$A$14 = $D28) * 1, _xlfn.XLOOKUP(1, ('ж.д.'!$B$5:$M$5 = J$2) * ('ж.д.'!$B$4:$M$4 = $S$2), 'ж.д.'!$B$6:$M$14)), "-")} -> 139800 | K28: {=IFERROR(_xlfn.XLOOKUP(1, ('ж.д.'!$A$6:$A$14 = $D28) * 1, _xlfn.XLOOKUP(1, ('ж.д.'!$B$5:$M$5 = K$2) * ('ж.д.'!$B$4:$M$4 = $S$2), 'ж.д.'!$B$6:$M$14)), "-")} -> 224600 | L28: {=IF(ISNUMBER(SEARCH("Транс",$C28)),_xlfn.XLOOKUP(1,('Фрахт Транс'!$A$5:$A$10=$D28)*1,_xlfn.XLOOKUP(1,('Фрахт Транс'!$B$3:$M$3 = $S$2)*('Фрахт Транс'!$B$4:$M$4=L$2),'Фрахт Транс'!$B$5:$M$10)),SUM($E28, $G28, $I28, $O28))} -> 125794 | M28: {=IF(ISNUMBER(SEARCH("Транс",$C28)),_xlfn.XLOOKUP(1,('Фрахт Транс'!$A$5:$A$10=$D28)*1,_xlfn.XLOOKUP(1,('Фрахт Транс'!$B$3:$M$3=$S$2)*('Фрахт Транс'!$B$4:$M$4=M$2),'Фрахт Транс'!$B$5:$M$10)),SUM($E28, $G28, $J28, $O28))} -> 143194 | N28: {=IF(ISNUMBER(SEARCH("Транс",$C28)),_xlfn.XLOOKUP(1,('Фрахт Транс'!$A$5:$A$10=$D28)*1,_xlfn.XLOOKUP(1,('Фрахт Транс'!$B$3:$M$3=$S$2)*('Фрахт Транс'!$B$4:$M$4=N$2),'Фрахт Транс'!$B$5:$M$10)),SUM($F28, $H28, $K28, $P28))} -> 231401 | O28: {=IFERROR(_xlfn.XLOOKUP(1, (Охрана!$A$6:$A$14 = $D28) * 1, _xlfn.XLOOKUP(1, (Охрана!$B$5:$M$5 = O$2) * (Охрана!$B$4:$M$4 = $S$2), Охрана!$B$6:$M$14)), "-")} -> 3394 | P28: {=IFERROR(_xlfn.XLOOKUP(1, (Охрана!$A$6:$A$14 = $D28) * 1, _xlfn.XLOOKUP(1, (Охрана!$B$5:$M$5 = P$2) * (Охрана!$B$4:$M$4 = $S$2), Охрана!$B$6:$M$14)), "-")} -> 6801
A29: SHANGHAI | C29: SASCO | D29: ВМКТ | E29: {=IFERROR(_xlfn.XLOOKUP(1, (Фрахт!$A$5:$A$80 = $A29)* (Фрахт!$B$5:$B$80 = $C29) * (Фрахт!$C$5:$C$80 =$D29), _xlfn.XLOOKUP(1, (Фрахт!$D$4:$E$4 = E$2) * 1, Фрахт!$D$5:$E$80)) * $S$1, "-")} -> 315000 | F29: {=IFERROR(_xlfn.XLOOKUP(1, (Фрахт!$A$5:$A$80 = $A29)* (Фрахт!$B$5:$B$80 = $C29) * (Фрахт!$C$5:$C$80 =$D29), _xlfn.XLOOKUP(1, (Фрахт!$D$4:$E$4 = F$2) * 1, Фрахт!$D$5:$E$80)) * $S$1, "-")} -> 420000 | G29: {=IFERROR(_xlfn.XLOOKUP(1, ('Drop off'!$A$6:$A$14 = $C29) * 1, _xlfn.XLOOKUP(1, ('Drop off'!$B$5:$I$5 = G$2) * ('Drop off'!$B$4:$I$4 = $S$2), 'Drop off'!$B$6:$I$14)) * $S$1, "-")} -> 0 | H29: {=IFERROR(_xlfn.XLOOKUP(1, ('Drop off'!$A$6:$A$14 = $C29) * 1, _xlfn.XLOOKUP(1, ('Drop off'!$B$5:$I$5 = H$2) * ('Drop off'!$B$4:$I$4 = $S$2), 'Drop off'!$B$6:$I$14)) * $S$1, "-")} -> 0 | I29: {=IFERROR(_xlfn.XLOOKUP(1, ('ж.д.'!$A$6:$A$14 = $D29) * 1, _xlfn.XLOOKUP(1, ('ж.д.'!$B$5:$M$5 = I$2) * ('ж.д.'!$B$4:$M$4 = $S$2), 'ж.д.'!$B$6:$M$14)), "-")} -> 125000 | J29: {=IFERROR(_xlfn.XLOOKUP(1, ('ж.д.'!$A$6:$A$14 = $D29) * 1, _xlfn.XLOOKUP(1, ('ж.д.'!$B$5:$M$5 = J$2) * ('ж.д.'!$B$4:$M$4 = $S$2), 'ж.д.'!$B$6:$M$14)), "-")} -> 140000 | K29: {=IFERROR(_xlfn.XLOOKUP(1, ('ж.д.'!$A$6:$A$14 = $D29) * 1, _xlfn.XLOOKUP(1, ('ж.д.'!$B$5:$M$5 = K$2) * ('ж.д.'!$B$4:$M$4 = $S$2), 'ж.д.'!$B$6:$M$14)), "-")} -> 227000 | L29: {=IF(ISNUMBER(SEARCH("Транс",$C29)),_xlfn.XLOOKUP(1,('Фрахт Транс'!$A$5:$A$10=$D29)*1,_xlfn.XLOOKUP(1,('Фрахт Транс'!$B$3:$M$3 = $S$2)*('Фрахт Транс'!$B$4:$M$4=L$2),'Фрахт Транс'!$B$5:$M$10)),SUM($E29, $G29, $I29, $O29))} -> 444100 | M29: {=IF(ISNUMBER(SEARCH("Транс",$C29)),_xlfn.XLOOKUP(1,('Фрахт Транс'!$A$5:$A$10=$D29)*1,_xlfn.XLOOKUP(1,('Фрахт Транс'!$B$3:$M$3=$S$2)*('Фрахт Транс'!$B$4:$M$4=M$2),'Фрахт Транс'!$B$5:$M$10)),SUM($E29, $G29, $J29, $O29))} -> 459100 | N29: {=IF(ISNUMBER(SEARCH("Транс",$C29)),_xlfn.XLOOKUP(1,('Фрахт Транс'!$A$5:$A$10=$D29)*1,_xlfn.XLOOKUP(1,('Фрахт Транс'!$B$3:$M$3=$S$2)*('Фрахт Транс'!$B$4:$M$4=N$2),'Фрахт Транс'!$B$5:$M$10)),SUM($F29, $H29, $K29, $P29))} -> 655200 | O29: {=IFERROR(_xlfn.XLOOKUP(1, (Охрана!$A$6:$A$14 = $D29) * 1, _xlfn.XLOOKUP(1, (Охрана!$B$5:$M$5 = O$2) * (Охрана!$B$4:$M$4 = $S$2), Охрана!$B$6:$M$14)), "-")} -> 4100 | P29: {=IFERROR(_xlfn.XLOOKUP(1, (Охрана!$A$6:$A$14 = $D29) * 1, _xlfn.XLOOKUP(1, (Охрана!$B$5:$M$5 = P$2) * (Охрана!$B$4:$M$4 = $S$2), Охрана!$B$6:$M$14)), "-")} -> 8200
A30: QINGDAO | B30: QINGDAO | C30: Трансконтейнер (Сквозной сервис) | D30: ВСК (ТК) Qingdao | E30: {=IFERROR(_xlfn.XLOOKUP(1, (Фрахт!$A$5:$A$80 = $A30)* (Фрахт!$B$5:$B$80 = $C30) * (Фрахт!$C$5:$C$80 =$D30), _xlfn.XLOOKUP(1, (Фрахт!$D$4:$E$4 = E$2) * 1, Фрахт!$D$5:$E$80)) * $S$1, "-")} -> - | F30: {=IFERROR(_xlfn.XLOOKUP(1, (Фрахт!$A$5:$A$80 = $A30)* (Фрахт!$B$5:$B$80 = $C30) * (Фрахт!$C$5:$C$80 =$D30), _xlfn.XLOOKUP(1, (Фрахт!$D$4:$E$4 = F$2) * 1, Фрахт!$D$5:$E$80)) * $S$1, "-")} -> - | G30: {=IFERROR(_xlfn.XLOOKUP(1, ('Drop off'!$A$6:$A$14 = $C30) * 1, _xlfn.XLOOKUP(1, ('Drop off'!$B$5:$I$5 = G$2) * ('Drop off'!$B$4:$I$4 = $S$2), 'Drop off'!$B$6:$I$14)) * $S$1, "-")} -> 0 | H30: {=IFERROR(_xlfn.XLOOKUP(1, ('Drop off'!$A$6:$A$14 = $C30) * 1, _xlfn.XLOOKUP(1, ('Drop off'!$B$5:$I$5 = H$2) * ('Drop off'!$B$4:$I$4 = $S$2), 'Drop off'!$B$6:$I$14)) * $S$1, "-")} -> 0 | I30: {=IFERROR(_xlfn.XLOOKUP(1, ('ж.д.'!$A$6:$A$14 = $D30) * 1, _xlfn.XLOOKUP(1, ('ж.д.'!$B$5:$M$5 = I$2) * ('ж.д.'!$B$4:$M$4 = $S$2), 'ж.д.'!$B$6:$M$14)), "-")} -> - | J30: {=IFERROR(_xlfn.XLOOKUP(1, ('ж.д.'!$A$6:$A$14 = $D30) * 1, _xlfn.XLOOKUP(1, ('ж.д.'!$B$5:$M$5 = J$2) * ('ж.д.'!$B$4:$M$4 = $S$2), 'ж.д.'!$B$6:$M$14)), "-")} -> - | K30: {=IFERROR(_xlfn.XLOOKUP(1, ('ж.д.'!$A$6:$A$14 = $D30) * 1, _xlfn.XLOOKUP(1, ('ж.д.'!$B$5:$M$5 = K$2) * ('ж.д.'!$B$4:$M$4 = $S$2), 'ж.д.'!$B$6:$M$14)), "-")} -> - | L30: {=IF(ISNUMBER(SEARCH("Транс",$C30)),_xlfn.XLOOKUP(1,('Фрахт Транс'!$A$5:$A$10=$D30)*1,_xlfn.XLOOKUP(1,('Фрахт Транс'!$B$3:$M$3 = $S$2)*('Фрахт Транс'!$B$4:$M$4=L$2),'Фрахт Транс'!$B$5:$M$10)),SUM($E30, $G30, $I30, $O30))} -> 356456 | M30: {=IF(ISNUMBER(SEARCH("Транс",$C30)),_xlfn.XLOOKUP(1,('Фрахт Транс'!$A$5:$A$10=$D30)*1,_xlfn.XLOOKUP(1,('Фрахт Транс'!$B$3:$M$3=$S$2)*('Фрахт Транс'!$B$4:$M$4=M$2),'Фрахт Транс'!$B$5:$M$10)),SUM($E30, $G30, $J30, $O30))} -> 373994 | N30: {=IF(ISNUMBER(SEARCH("Транс",$C30)),_xlfn.XLOOKUP(1,('Фрахт Транс'!$A$5:$A$10=$D30)*1,_xlfn.XLOOKUP(1,('Фрахт Транс'!$B$3:$M$3=$S$2)*('Фрахт Транс'!$B$4:$M$4=N$2),'Фрахт Транс'!$B$5:$M$10)),SUM($F30, $H30, $K30, $P30))} -> 532168 | O30: {=IFERROR(_xlfn.XLOOKUP(1, (Охрана!$A$6:$A$14 = $D30) * 1, _xlfn.XLOOKUP(1, (Охрана!$B$5:$M$5 = O$2) * (Охрана!$B$4:$M$4 = $S$2), Охрана!$B$6:$M$14)), "-")} -> - | P30: {=IFERROR(_xlfn.XLOOKUP(1, (Охрана!$A$6:$A$14 = $D30) * 1, _xlfn.XLOOKUP(1, (Охрана!$B$5:$M$5 = P$2) * (Охрана!$B$4:$M$4 = $S$2), Охрана!$B$6:$M$14)), "-")} -> -
A31: QINGDAO | C31: ФЕСКО | D31: ВМТП (Феско) | E31: {=IFERROR(_xlfn.XLOOKUP(1, (Фрахт!$A$5:$A$80 = $A31)* (Фрахт!$B$5:$B$80 = $C31) * (Фрахт!$C$5:$C$80 =$D31), _xlfn.XLOOKUP(1, (Фрахт!$D$4:$E$4 = E$2) * 1, Фрахт!$D$5:$E$80)) * $S$1, "-")} -> 330000 | F31: {=IFERROR(_xlfn.XLOOKUP(1, (Фрахт!$A$5:$A$80 = $A31)* (Фрахт!$B$5:$B$80 = $C31) * (Фрахт!$C$5:$C$80 =$D31), _xlfn.XLOOKUP(1, (Фрахт!$D$4:$E$4 = F$2) * 1, Фрахт!$D$5:$E$80)) * $S$1, "-")} -> 450000 | G31: {=IFERROR(_xlfn.XLOOKUP(1, ('Drop off'!$A$6:$A$14 = $C31) * 1, _xlfn.XLOOKUP(1, ('Drop off'!$B$5:$I$5 = G$2) * ('Drop off'!$B$4:$I$4 = $S$2), 'Drop off'!$B$6:$I$14)) * $S$1, "-")} -> 0 | H31: {=IFERROR(_xlfn.XLOOKUP(1, ('Drop off'!$A$6:$A$14 = $C31) * 1, _xlfn.XLOOKUP(1, ('Drop off'!$B$5:$I$5 = H$2) * ('Drop off'!$B$4:$I$4 = $S$2), 'Drop off'!$B$6:$I$14)) * $S$1, "-")} -> 0 | I31: {=IFERROR(_xlfn.XLOOKUP(1, ('ж.д.'!$A$6:$A$14 = $D31) * 1, _xlfn.XLOOKUP(1, ('ж.д.'!$B$5:$M$5 = I$2) * ('ж.д.'!$B$4:$M$4 = $S$2), 'ж.д.'!$B$6:$M$14)), "-")} -> 167600 | J31: {=IFERROR(_xlfn.XLOOKUP(1, ('ж.д.'!$A$6:$A$14 = $D31) * 1, _xlfn.XLOOKUP(1, ('ж.д.'!$B$5:$M$5 = J$2) * ('ж.д.'!$B$4:$M$4 = $S$2), 'ж.д.'!$B$6:$M$14)), "-")} -> 181540 | K31: {=IFERROR(_xlfn.XLOOKUP(1, ('ж.д.'!$A$6:$A$14 = $D31) * 1, _xlfn.XLOOKUP(1, ('ж.д.'!$B$5:$M$5 = K$2) * ('ж.д.'!$B$4:$M$4 = $S$2), 'ж.д.'!$B$6:$M$14)), "-")} -> 292000 | L31: {=IF(ISNUMBER(SEARCH("Транс",$C31)),_xlfn.XLOOKUP(1,('Фрахт Транс'!$A$5:$A$10=$D31)*1,_xlfn.XLOOKUP(1,('Фрахт Транс'!$B$3:$M$3 = $S$2)*('Фрахт Транс'!$B$4:$M$4=L$2),'Фрахт Транс'!$B$5:$M$10)),SUM($E31, $G31, $I31, $O31))} -> 501422 | M31: {=IF(ISNUMBER(SEARCH("Транс",$C31)),_xlfn.XLOOKUP(1,('Фрахт Транс'!$A$5:$A$10=$D31)*1,_xlfn.XLOOKUP(1,('Фрахт Транс'!$B$3:$M$3=$S$2)*('Фрахт Транс'!$B$4:$M$4=M$2),'Фрахт Транс'!$B$5:$M$10)),SUM($E31, $G31, $J31, $O31))} -> 515362 | N31: {=IF(ISNUMBER(SEARCH("Транс",$C31)),_xlfn.XLOOKUP(1,('Фрахт Транс'!$A$5:$A$10=$D31)*1,_xlfn.XLOOKUP(1,('Фрахт Транс'!$B$3:$M$3=$S$2)*('Фрахт Транс'!$B$4:$M$4=N$2),'Фрахт Транс'!$B$5:$M$10)),SUM($F31, $H31, $K31, $P31))} -> 748910 | O31: {=IFERROR(_xlfn.XLOOKUP(1, (Охрана!$A$6:$A$14 = $D31) * 1, _xlfn.XLOOKUP(1, (Охрана!$B$5:$M$5 = O$2) * (Охрана!$B$4:$M$4 = $S$2), Охрана!$B$6:$M$14)), "-")} -> 3822 | P31: {=IFERROR(_xlfn.XLOOKUP(1, (Охрана!$A$6:$A$14 = $D31) * 1, _xlfn.XLOOKUP(1, (Охрана!$B$5:$M$5 = P$2) * (Охрана!$B$4:$M$4 = $S$2), Охрана!$B$6:$M$14)), "-")} -> 6910
A32: QINGDAO | C32: ФЕСКО | D32: ВМТП (Феско ост.) | E32: {=IFERROR(_xlfn.XLOOKUP(1, (Фрахт!$A$5:$A$80 = $A32)* (Фрахт!$B$5:$B$80 = $C32) * (Фрахт!$C$5:$C$80 =$D32), _xlfn.XLOOKUP(1, (Фрахт!$D$4:$E$4 = E$2) * 1, Фрахт!$D$5:$E$80)) * $S$1, "-")} -> 330000 | F32: {=IFERROR(_xlfn.XLOOKUP(1, (Фрахт!$A$5:$A$80 = $A32)* (Фрахт!$B$5:$B$80 = $C32) * (Фрахт!$C$5:$C$80 =$D32), _xlfn.XLOOKUP(1, (Фрахт!$D$4:$E$4 = F$2) * 1, Фрахт!$D$5:$E$80)) * $S$1, "-")} -> 450000 | G32: {=IFERROR(_xlfn.XLOOKUP(1, ('Drop off'!$A$6:$A$14 = $C32) * 1, _xlfn.XLOOKUP(1, ('Drop off'!$B$5:$I$5 = G$2) * ('Drop off'!$B$4:$I$4 = $S$2), 'Drop off'!$B$6:$I$14)) * $S$1, "-")} -> 0 | H32: {=IFERROR(_xlfn.XLOOKUP(1, ('Drop off'!$A$6:$A$14 = $C32) * 1, _xlfn.XLOOKUP(1, ('Drop off'!$B$5:$I$5 = H$2) * ('Drop off'!$B$4:$I$4 = $S$2), 'Drop off'!$B$6:$I$14)) * $S$1, "-")} -> 0 | I32: {=IFERROR(_xlfn.XLOOKUP(1, ('ж.д.'!$A$6:$A$14 = $D32) * 1, _xlfn.XLOOKUP(1, ('ж.д.'!$B$5:$M$5 = I$2) * ('ж.д.'!$B$4:$M$4 = $S$2), 'ж.д.'!$B$6:$M$14)), "-")} -> 173730 | J32: {=IFERROR(_xlfn.XLOOKUP(1, ('ж.д.'!$A$6:$A$14 = $D32) * 1, _xlfn.XLOOKUP(1, ('ж.д.'!$B$5:$M$5 = J$2) * ('ж.д.'!$B$4:$M$4 = $S$2), 'ж.д.'!$B$6:$M$14)), "-")} -> 191045 | K32: {=IFERROR(_xlfn.XLOOKUP(1, ('ж.д.'!$A$6:$A$14 = $D32) * 1, _xlfn.XLOOKUP(1, ('ж.д.'!$B$5:$M$5 = K$2) * ('ж.д.'!$B$4:$M$4 = $S$2), 'ж.д.'!$B$6:$M$14)), "-")} -> 303815 | L32: {=IF(ISNUMBER(SEARCH("Транс",$C32)),_xlfn.XLOOKUP(1,('Фрахт Транс'!$A$5:$A$10=$D32)*1,_xlfn.XLOOKUP(1,('Фрахт Транс'!$B$3:$M$3 = $S$2)*('Фрахт Транс'!$B$4:$M$4=L$2),'Фрахт Транс'!$B$5:$M$10)),SUM($E32, $G32, $I32, $O32))} -> 507552 | M32: {=IF(ISNUMBER(SEARCH("Транс",$C32)),_xlfn.XLOOKUP(1,('Фрахт Транс'!$A$5:$A$10=$D32)*1,_xlfn.XLOOKUP(1,('Фрахт Транс'!$B$3:$M$3=$S$2)*('Фрахт Транс'!$B$4:$M$4=M$2),'Фрахт Транс'!$B$5:$M$10)),SUM($E32, $G32, $J32, $O32))} -> 524867 | N32: {=IF(ISNUMBER(SEARCH("Транс",$C32)),_xlfn.XLOOKUP(1,('Фрахт Транс'!$A$5:$A$10=$D32)*1,_xlfn.XLOOKUP(1,('Фрахт Транс'!$B$3:$M$3=$S$2)*('Фрахт Транс'!$B$4:$M$4=N$2),'Фрахт Транс'!$B$5:$M$10)),SUM($F32, $H32, $K32, $P32))} -> 760725 | O32: {=IFERROR(_xlfn.XLOOKUP(1, (Охрана!$A$6:$A$14 = $D32) * 1, _xlfn.XLOOKUP(1, (Охрана!$B$5:$M$5 = O$2) * (Охрана!$B$4:$M$4 = $S$2), Охрана!$B$6:$M$14)), "-")} -> 3822 | P32: {=IFERROR(_xlfn.XLOOKUP(1, (Охрана!$A$6:$A$14 = $D32) * 1, _xlfn.XLOOKUP(1, (Охрана!$B$5:$M$5 = P$2) * (Охрана!$B$4:$M$4 = $S$2), Охрана!$B$6:$M$14)), "-")} -> 6910
A33: QINGDAO | C33: SINOKOR | D33: ВСК | E33: {=IFERROR(_xlfn.XLOOKUP(1, (Фрахт!$A$5:$A$80 = $A33)* (Фрахт!$B$5:$B$80 = $C33) * (Фрахт!$C$5:$C$80 =$D33), _xlfn.XLOOKUP(1, (Фрахт!$D$4:$E$4 = E$2) * 1, Фрахт!$D$5:$E$80)) * $S$1, "-")} -> 283500 | F33: {=IFERROR(_xlfn.XLOOKUP(1, (Фрахт!$A$5:$A$80 = $A33)* (Фрахт!$B$5:$B$80 = $C33) * (Фрахт!$C$5:$C$80 =$D33), _xlfn.XLOOKUP(1, (Фрахт!$D$4:$E$4 = F$2) * 1, Фрахт!$D$5:$E$80)) * $S$1, "-")} -> 472500 | G33: {=IFERROR(_xlfn.XLOOKUP(1, ('Drop off'!$A$6:$A$14 = $C33) * 1, _xlfn.XLOOKUP(1, ('Drop off'!$B$5:$I$5 = G$2) * ('Drop off'!$B$4:$I$4 = $S$2), 'Drop off'!$B$6:$I$14)) * $S$1, "-")} -> 56700 | H33: {=IFERROR(_xlfn.XLOOKUP(1, ('Drop off'!$A$6:$A$14 = $C33) * 1, _xlfn.XLOOKUP(1, ('Drop off'!$B$5:$I$5 = H$2) * ('Drop off'!$B$4:$I$4 = $S$2), 'Drop off'!$B$6:$I$14)) * $S$1, "-")} -> 37800 | I33: {=IFERROR(_xlfn.XLOOKUP(1, ('ж.д.'!$A$6:$A$14 = $D33) * 1, _xlfn.XLOOKUP(1, ('ж.д.'!$B$5:$M$5 = I$2) * ('ж.д.'!$B$4:$M$4 = $S$2), 'ж.д.'!$B$6:$M$14)), "-")} -> 122400 | J33: {=IFERROR(_xlfn.XLOOKUP(1, ('ж.д.'!$A$6:$A$14 = $D33) * 1, _xlfn.XLOOKUP(1, ('ж.д.'!$B$5:$M$5 = J$2) * ('ж.д.'!$B$4:$M$4 = $S$2), 'ж.д.'!$B$6:$M$14)), "-")} -> 139800 | K33: {=IFERROR(_xlfn.XLOOKUP(1, ('ж.д.'!$A$6:$A$14 = $D33) * 1, _xlfn.XLOOKUP(1, ('ж.д.'!$B$5:$M$5 = K$2) * ('ж.д.'!$B$4:$M$4 = $S$2), 'ж.д.'!$B$6:$M$14)), "-")} -> 224600 | L33: {=IF(ISNUMBER(SEARCH("Транс",$C33)),_xlfn.XLOOKUP(1,('Фрахт Транс'!$A$5:$A$10=$D33)*1,_xlfn.XLOOKUP(1,('Фрахт Транс'!$B$3:$M$3 = $S$2)*('Фрахт Транс'!$B$4:$M$4=L$2),'Фрахт Транс'!$B$5:$M$10)),SUM($E33, $G33, $I33, $O33))} -> 465994 | M33: {=IF(ISNUMBER(SEARCH("Транс",$C33)),_xlfn.XLOOKUP(1,('Фрахт Транс'!$A$5:$A$10=$D33)*1,_xlfn.XLOOKUP(1,('Фрахт Транс'!$B$3:$M$3=$S$2)*('Фрахт Транс'!$B$4:$M$4=M$2),'Фрахт Транс'!$B$5:$M$10)),SUM($E33, $G33, $J33, $O33))} -> 483394 | N33: {=IF(ISNUMBER(SEARCH("Транс",$C33)),_xlfn.XLOOKUP(1,('Фрахт Транс'!$A$5:$A$10=$D33)*1,_xlfn.XLOOKUP(1,('Фрахт Транс'!$B$3:$M$3=$S$2)*('Фрахт Транс'!$B$4:$M$4=N$2),'Фрахт Транс'!$B$5:$M$10)),SUM($F33, $H33, $K33, $P33))} -> 741701 | O33: {=IFERROR(_xlfn.XLOOKUP(1, (Охрана!$A$6:$A$14 = $D33) * 1, _xlfn.XLOOKUP(1, (Охрана!$B$5:$M$5 = O$2) * (Охрана!$B$4:$M$4 = $S$2), Охрана!$B$6:$M$14)), "-")} -> 3394 | P33: {=IFERROR(_xlfn.XLOOKUP(1, (Охрана!$A$6:$A$14 = $D33) * 1, _xlfn.XLOOKUP(1, (Охрана!$B$5:$M$5 = P$2) * (Охрана!$B$4:$M$4 = $S$2), Охрана!$B$6:$M$14)), "-")} -> 6801
A34: QINGDAO | C34: SINOKOR | D34: Соллерс | E34: {=IFERROR(_xlfn.XLOOKUP(1, (Фрахт!$A$5:$A$80 = $A34)* (Фрахт!$B$5:$B$80 = $C34) * (Фрахт!$C$5:$C$80 =$D34), _xlfn.XLOOKUP(1, (Фрахт!$D$4:$E$4 = E$2) * 1, Фрахт!$D$5:$E$80)) * $S$1, "-")} -> 283500 | F34: {=IFERROR(_xlfn.XLOOKUP(1, (Фрахт!$A$5:$A$80 = $A34)* (Фрахт!$B$5:$B$80 = $C34) * (Фрахт!$C$5:$C$80 =$D34), _xlfn.XLOOKUP(1, (Фрахт!$D$4:$E$4 = F$2) * 1, Фрахт!$D$5:$E$80)) * $S$1, "-")} -> 472500 | G34: {=IFERROR(_xlfn.XLOOKUP(1, ('Drop off'!$A$6:$A$14 = $C34) * 1, _xlfn.XLOOKUP(1, ('Drop off'!$B$5:$I$5 = G$2) * ('Drop off'!$B$4:$I$4 = $S$2), 'Drop off'!$B$6:$I$14)) * $S$1, "-")} -> 56700 | H34: {=IFERROR(_xlfn.XLOOKUP(1, ('Drop off'!$A$6:$A$14 = $C34) * 1, _xlfn.XLOOKUP(1, ('Drop off'!$B$5:$I$5 = H$2) * ('Drop off'!$B$4:$I$4 = $S$2), 'Drop off'!$B$6:$I$14)) * $S$1, "-")} -> 37800 | I34: {=IFERROR(_xlfn.XLOOKUP(1, ('ж.д.'!$A$6:$A$14 = $D34) * 1, _xlfn.XLOOKUP(1, ('ж.д.'!$B$5:$M$5 = I$2) * ('ж.д.'!$B$4:$M$4 = $S$2), 'ж.д.'!$B$6:$M$14)), "-")} -> 134400 | J34: {=IFERROR(_xlfn.XLOOKUP(1, ('ж.д.'!$A$6:$A$14 = $D34) * 1, _xlfn.XLOOKUP(1, ('ж.д.'!$B$5:$M$5 = J$2) * ('ж.д.'!$B$4:$M$4 = $S$2), 'ж.д.'!$B$6:$M$14)), "-")} -> 149400 | K34: {=IFERROR(_xlfn.XLOOKUP(1, ('ж.д.'!$A$6:$A$14 = $D34) * 1, _xlfn.XLOOKUP(1, ('ж.д.'!$B$5:$M$5 = K$2) * ('ж.д.'!$B$4:$M$4 = $S$2), 'ж.д.'!$B$6:$M$14)), "-")} -> 235000 | L34: {=IF(ISNUMBER(SEARCH("Транс",$C34)),_xlfn.XLOOKUP(1,('Фрахт Транс'!$A$5:$A$10=$D34)*1,_xlfn.XLOOKUP(1,('Фрахт Транс'!$B$3:$M$3 = $S$2)*('Фрахт Транс'!$B$4:$M$4=L$2),'Фрахт Транс'!$B$5:$M$10)),SUM($E34, $G34, $I34, $O34))} -> 477994 | M34: {=IF(ISNUMBER(SEARCH("Транс",$C34)),_xlfn.XLOOKUP(1,('Фрахт Транс'!$A$5:$A$10=$D34)*1,_xlfn.XLOOKUP(1,('Фрахт Транс'!$B$3:$M$3=$S$2)*('Фрахт Транс'!$B$4:$M$4=M$2),'Фрахт Транс'!$B$5:$M$10)),SUM($E34, $G34, $J34, $O34))} -> 492994 | N34: {=IF(ISNUMBER(SEARCH("Транс",$C34)),_xlfn.XLOOKUP(1,('Фрахт Транс'!$A$5:$A$10=$D34)*1,_xlfn.XLOOKUP(1,('Фрахт Транс'!$B$3:$M$3=$S$2)*('Фрахт Транс'!$B$4:$M$4=N$2),'Фрахт Транс'!$B$5:$M$10)),SUM($F34, $H34, $K34, $P34))} -> 752101 | O34: {=IFERROR(_xlfn.XLOOKUP(1, (Охрана!$A$6:$A$14 = $D34) * 1, _xlfn.XLOOKUP(1, (Охрана!$B$5:$M$5 = O$2) * (Охрана!$B$4:$M$4 = $S$2), Охрана!$B$6:$M$14)), "-")} -> 3394 | P34: {=IFERROR(_xlfn.XLOOKUP(1, (Охрана!$A$6:$A$14 = $D34) * 1, _xlfn.XLOOKUP(1, (Охрана!$B$5:$M$5 = P$2) * (Охрана!$B$4:$M$4 = $S$2), Охрана!$B$6:$M$14)), "-")} -> 6801
A35: QINGDAO | C35: SINOKOR | D35: ВМТП | E35: {=IFERROR(_xlfn.XLOOKUP(1, (Фрахт!$A$5:$A$80 = $A35)* (Фрахт!$B$5:$B$80 = $C35) * (Фрахт!$C$5:$C$80 =$D35), _xlfn.XLOOKUP(1, (Фрахт!$D$4:$E$4 = E$2) * 1, Фрахт!$D$5:$E$80)) * $S$1, "-")} -> 283500 | F35: {=IFERROR(_xlfn.XLOOKUP(1, (Фрахт!$A$5:$A$80 = $A35)* (Фрахт!$B$5:$B$80 = $C35) * (Фрахт!$C$5:$C$80 =$D35), _xlfn.XLOOKUP(1, (Фрахт!$D$4:$E$4 = F$2) * 1, Фрахт!$D$5:$E$80)) * $S$1, "-")} -> 472500 | G35: {=IFERROR(_xlfn.XLOOKUP(1, ('Drop off'!$A$6:$A$14 = $C35) * 1, _xlfn.XLOOKUP(1, ('Drop off'!$B$5:$I$5 = G$2) * ('Drop off'!$B$4:$I$4 = $S$2), 'Drop off'!$B$6:$I$14)) * $S$1, "-")} -> 56700 | H35: {=IFERROR(_xlfn.XLOOKUP(1, ('Drop off'!$A$6:$A$14 = $C35) * 1, _xlfn.XLOOKUP(1, ('Drop off'!$B$5:$I$5 = H$2) * ('Drop off'!$B$4:$I$4 = $S$2), 'Drop off'!$B$6:$I$14)) * $S$1, "-")} -> 37800 | I35: {=IFERROR(_xlfn.XLOOKUP(1, ('ж.д.'!$A$6:$A$14 = $D35) * 1, _xlfn.XLOOKUP(1, ('ж.д.'!$B$5:$M$5 = I$2) * ('ж.д.'!$B$4:$M$4 = $S$2), 'ж.д.'!$B$6:$M$14)), "-")} -> 141000 | J35: {=IFERROR(_xlfn.XLOOKUP(1, ('ж.д.'!$A$6:$A$14 = $D35) * 1, _xlfn.XLOOKUP(1, ('ж.д.'!$B$5:$M$5 = J$2) * ('ж.д.'!$B$4:$M$4 = $S$2), 'ж.д.'!$B$6:$M$14)), "-")} -> 156600 | K35: {=IFERROR(_xlfn.XLOOKUP(1, ('ж.д.'!$A$6:$A$14 = $D35) * 1, _xlfn.XLOOKUP(1, ('ж.д.'!$B$5:$M$5 = K$2) * ('ж.д.'!$B$4:$M$4 = $S$2), 'ж.д.'!$B$6:$M$14)), "-")} -> 261000 | L35: {=IF(ISNUMBER(SEARCH("Транс",$C35)),_xlfn.XLOOKUP(1,('Фрахт Транс'!$A$5:$A$10=$D35)*1,_xlfn.XLOOKUP(1,('Фрахт Транс'!$B$3:$M$3 = $S$2)*('Фрахт Транс'!$B$4:$M$4=L$2),'Фрахт Транс'!$B$5:$M$10)),SUM($E35, $G35, $I35, $O35))} -> 485022 | M35: {=IF(ISNUMBER(SEARCH("Транс",$C35)),_xlfn.XLOOKUP(1,('Фрахт Транс'!$A$5:$A$10=$D35)*1,_xlfn.XLOOKUP(1,('Фрахт Транс'!$B$3:$M$3=$S$2)*('Фрахт Транс'!$B$4:$M$4=M$2),'Фрахт Транс'!$B$5:$M$10)),SUM($E35, $G35, $J35, $O35))} -> 500622 | N35: {=IF(ISNUMBER(SEARCH("Транс",$C35)),_xlfn.XLOOKUP(1,('Фрахт Транс'!$A$5:$A$10=$D35)*1,_xlfn.XLOOKUP(1,('Фрахт Транс'!$B$3:$M$3=$S$2)*('Фрахт Транс'!$B$4:$M$4=N$2),'Фрахт Транс'!$B$5:$M$10)),SUM($F35, $H35, $K35, $P35))} -> 778210 | O35: {=IFERROR(_xlfn.XLOOKUP(1, (Охрана!$A$6:$A$14 = $D35) * 1, _xlfn.XLOOKUP(1, (Охрана!$B$5:$M$5 = O$2) * (Охрана!$B$4:$M$4 = $S$2), Охрана!$B$6:$M$14)), "-")} -> 3822 | P35: {=IFERROR(_xlfn.XLOOKUP(1, (Охрана!$A$6:$A$14 = $D35) * 1, _xlfn.XLOOKUP(1, (Охрана!$B$5:$M$5 = P$2) * (Охрана!$B$4:$M$4 = $S$2), Охрана!$B$6:$M$14)), "-")} -> 6910
A36: QINGDAO | C36: SINOKOR | D36: ВМКТ | E36: {=IFERROR(_xlfn.XLOOKUP(1, (Фрахт!$A$5:$A$80 = $A36)* (Фрахт!$B$5:$B$80 = $C36) * (Фрахт!$C$5:$C$80 =$D36), _xlfn.XLOOKUP(1, (Фрахт!$D$4:$E$4 = E$2) * 1, Фрахт!$D$5:$E$80)) * $S$1, "-")} -> 283500 | F36: {=IFERROR(_xlfn.XLOOKUP(1, (Фрахт!$A$5:$A$80 = $A36)* (Фрахт!$B$5:$B$80 = $C36) * (Фрахт!$C$5:$C$80 =$D36), _xlfn.XLOOKUP(1, (Фрахт!$D$4:$E$4 = F$2) * 1, Фрахт!$D$5:$E$80)) * $S$1, "-")} -> 472500 | G36: {=IFERROR(_xlfn.XLOOKUP(1, ('Drop off'!$A$6:$A$14 = $C36) * 1, _xlfn.XLOOKUP(1, ('Drop off'!$B$5:$I$5 = G$2) * ('Drop off'!$B$4:$I$4 = $S$2), 'Drop off'!$B$6:$I$14)) * $S$1, "-")} -> 56700 | H36: {=IFERROR(_xlfn.XLOOKUP(1, ('Drop off'!$A$6:$A$14 = $C36) * 1, _xlfn.XLOOKUP(1, ('Drop off'!$B$5:$I$5 = H$2) * ('Drop off'!$B$4:$I$4 = $S$2), 'Drop off'!$B$6:$I$14)) * $S$1, "-")} -> 37800 | I36: {=IFERROR(_xlfn.XLOOKUP(1, ('ж.д.'!$A$6:$A$14 = $D36) * 1, _xlfn.XLOOKUP(1, ('ж.д.'!$B$5:$M$5 = I$2) * ('ж.д.'!$B$4:$M$4 = $S$2), 'ж.д.'!$B$6:$M$14)), "-")} -> 125000 | J36: {=IFERROR(_xlfn.XLOOKUP(1, ('ж.д.'!$A$6:$A$14 = $D36) * 1, _xlfn.XLOOKUP(1, ('ж.д.'!$B$5:$M$5 = J$2) * ('ж.д.'!$B$4:$M$4 = $S$2), 'ж.д.'!$B$6:$M$14)), "-")} -> 140000 | K36: {=IFERROR(_xlfn.XLOOKUP(1, ('ж.д.'!$A$6:$A$14 = $D36) * 1, _xlfn.XLOOKUP(1, ('ж.д.'!$B$5:$M$5 = K$2) * ('ж.д.'!$B$4:$M$4 = $S$2), 'ж.д.'!$B$6:$M$14)), "-")} -> 227000 | L36: {=IF(ISNUMBER(SEARCH("Транс",$C36)),_xlfn.XLOOKUP(1,('Фрахт Транс'!$A$5:$A$10=$D36)*1,_xlfn.XLOOKUP(1,('Фрахт Транс'!$B$3:$M$3 = $S$2)*('Фрахт Транс'!$B$4:$M$4=L$2),'Фрахт Транс'!$B$5:$M$10)),SUM($E36, $G36, $I36, $O36))} -> 469300 | M36: {=IF(ISNUMBER(SEARCH("Транс",$C36)),_xlfn.XLOOKUP(1,('Фрахт Транс'!$A$5:$A$10=$D36)*1,_xlfn.XLOOKUP(1,('Фрахт Транс'!$B$3:$M$3=$S$2)*('Фрахт Транс'!$B$4:$M$4=M$2),'Фрахт Транс'!$B$5:$M$10)),SUM($E36, $G36, $J36, $O36))} -> 484300 | N36: {=IF(ISNUMBER(SEARCH("Транс",$C36)),_xlfn.XLOOKUP(1,('Фрахт Транс'!$A$5:$A$10=$D36)*1,_xlfn.XLOOKUP(1,('Фрахт Транс'!$B$3:$M$3=$S$2)*('Фрахт Транс'!$B$4:$M$4=N$2),'Фрахт Транс'!$B$5:$M$10)),SUM($F36, $H36, $K36, $P36))} -> 745500 | O36: {=IFERROR(_xlfn.XLOOKUP(1, (Охрана!$A$6:$A$14 = $D36) * 1, _xlfn.XLOOKUP(1, (Охрана!$B$5:$M$5 = O$2) * (Охрана!$B$4:$M$4 = $S$2), Охрана!$B$6:$M$14)), "-")} -> 4100 | P36: {=IFERROR(_xlfn.XLOOKUP(1, (Охрана!$A$6:$A$14 = $D36) * 1, _xlfn.XLOOKUP(1, (Охрана!$B$5:$M$5 = P$2) * (Охрана!$B$4:$M$4 = $S$2), Охрана!$B$6:$M$14)), "-")} -> 8200
A37: QINGDAO | C37: HUAXIN | D37: СОЛЛЕРС | E37: {=IFERROR(_xlfn.XLOOKUP(1, (Фрахт!$A$5:$A$80 = $A37)* (Фрахт!$B$5:$B$80 = $C37) * (Фрахт!$C$5:$C$80 =$D37), _xlfn.XLOOKUP(1, (Фрахт!$D$4:$E$4 = E$2) * 1, Фрахт!$D$5:$E$80)) * $S$1, "-")} -> 245160 | F37: {=IFERROR(_xlfn.XLOOKUP(1, (Фрахт!$A$5:$A$80 = $A37)* (Фрахт!$B$5:$B$80 = $C37) * (Фрахт!$C$5:$C$80 =$D37), _xlfn.XLOOKUP(1, (Фрахт!$D$4:$E$4 = F$2) * 1, Фрахт!$D$5:$E$80)) * $S$1, "-")} -> 412320 | G37: {=IFERROR(_xlfn.XLOOKUP(1, ('Drop off'!$A$6:$A$14 = $C37) * 1, _xlfn.XLOOKUP(1, ('Drop off'!$B$5:$I$5 = G$2) * ('Drop off'!$B$4:$I$4 = $S$2), 'Drop off'!$B$6:$I$14)) * $S$1, "-")} -> 42000 | H37: {=IFERROR(_xlfn.XLOOKUP(1, ('Drop off'!$A$6:$A$14 = $C37) * 1, _xlfn.XLOOKUP(1, ('Drop off'!$B$5:$I$5 = H$2) * ('Drop off'!$B$4:$I$4 = $S$2), 'Drop off'!$B$6:$I$14)) * $S$1, "-")} -> 42000 | I37: {=IFERROR(_xlfn.XLOOKUP(1, ('ж.д.'!$A$6:$A$14 = $D37) * 1, _xlfn.XLOOKUP(1, ('ж.д.'!$B$5:$M$5 = I$2) * ('ж.д.'!$B$4:$M$4 = $S$2), 'ж.д.'!$B$6:$M$14)), "-")} -> 134400 | J37: {=IFERROR(_xlfn.XLOOKUP(1, ('ж.д.'!$A$6:$A$14 = $D37) * 1, _xlfn.XLOOKUP(1, ('ж.д.'!$B$5:$M$5 = J$2) * ('ж.д.'!$B$4:$M$4 = $S$2), 'ж.д.'!$B$6:$M$14)), "-")} -> 149400 | K37: {=IFERROR(_xlfn.XLOOKUP(1, ('ж.д.'!$A$6:$A$14 = $D37) * 1, _xlfn.XLOOKUP(1, ('ж.д.'!$B$5:$M$5 = K$2) * ('ж.д.'!$B$4:$M$4 = $S$2), 'ж.д.'!$B$6:$M$14)), "-")} -> 235000 | L37: {=IF(ISNUMBER(SEARCH("Транс",$C37)),_xlfn.XLOOKUP(1,('Фрахт Транс'!$A$5:$A$10=$D37)*1,_xlfn.XLOOKUP(1,('Фрахт Транс'!$B$3:$M$3 = $S$2)*('Фрахт Транс'!$B$4:$M$4=L$2),'Фрахт Транс'!$B$5:$M$10)),SUM($E37, $G37, $I37, $O37))} -> 424954 | M37: {=IF(ISNUMBER(SEARCH("Транс",$C37)),_xlfn.XLOOKUP(1,('Фрахт Транс'!$A$5:$A$10=$D37)*1,_xlfn.XLOOKUP(1,('Фрахт Транс'!$B$3:$M$3=$S$2)*('Фрахт Транс'!$B$4:$M$4=M$2),'Фрахт Транс'!$B$5:$M$10)),SUM($E37, $G37, $J37, $O37))} -> 439954 | N37: {=IF(ISNUMBER(SEARCH("Транс",$C37)),_xlfn.XLOOKUP(1,('Фрахт Транс'!$A$5:$A$10=$D37)*1,_xlfn.XLOOKUP(1,('Фрахт Транс'!$B$3:$M$3=$S$2)*('Фрахт Транс'!$B$4:$M$4=N$2),'Фрахт Транс'!$B$5:$M$10)),SUM($F37, $H37, $K37, $P37))} -> 696121 | O37: {=IFERROR(_xlfn.XLOOKUP(1, (Охрана!$A$6:$A$14 = $D37) * 1, _xlfn.XLOOKUP(1, (Охрана!$B$5:$M$5 = O$2) * (Охрана!$B$4:$M$4 = $S$2), Охрана!$B$6:$M$14)), "-")} -> 3394 | P37: {=IFERROR(_xlfn.XLOOKUP(1, (Охрана!$A$6:$A$14 = $D37) * 1, _xlfn.XLOOKUP(1, (Охрана!$B$5:$M$5 = P$2) * (Охрана!$B$4:$M$4 = $S$2), Охрана!$B$6:$M$14)), "-")} -> 6801
A38: QINGDAO | C38: ТоргМолл | D38: ВСК | E38: {=IFERROR(_xlfn.XLOOKUP(1, (Фрахт!$A$5:$A$80 = $A38)* (Фрахт!$B$5:$B$80 = $C38) * (Фрахт!$C$5:$C$80 =$D38), _xlfn.XLOOKUP(1, (Фрахт!$D$4:$E$4 = E$2) * 1, Фрахт!$D$5:$E$80)) * $S$1, "-")} -> 216000 | F38: {=IFERROR(_xlfn.XLOOKUP(1, (Фрахт!$A$5:$A$80 = $A38)* (Фрахт!$B$5:$B$80 = $C38) * (Фрахт!$C$5:$C$80 =$D38), _xlfn.XLOOKUP(1, (Фрахт!$D$4:$E$4 = F$2) * 1, Фрахт!$D$5:$E$80)) * $S$1, "-")} -> 360000 | G38: {=IFERROR(_xlfn.XLOOKUP(1, ('Drop off'!$A$6:$A$14 = $C38) * 1, _xlfn.XLOOKUP(1, ('Drop off'!$B$5:$I$5 = G$2) * ('Drop off'!$B$4:$I$4 = $S$2), 'Drop off'!$B$6:$I$14)) * $S$1, "-")} -> 0 | H38: {=IFERROR(_xlfn.XLOOKUP(1, ('Drop off'!$A$6:$A$14 = $C38) * 1, _xlfn.XLOOKUP(1, ('Drop off'!$B$5:$I$5 = H$2) * ('Drop off'!$B$4:$I$4 = $S$2), 'Drop off'!$B$6:$I$14)) * $S$1, "-")} -> 0 | I38: {=IFERROR(_xlfn.XLOOKUP(1, ('ж.д.'!$A$6:$A$14 = $D38) * 1, _xlfn.XLOOKUP(1, ('ж.д.'!$B$5:$M$5 = I$2) * ('ж.д.'!$B$4:$M$4 = $S$2), 'ж.д.'!$B$6:$M$14)), "-")} -> 122400 | J38: {=IFERROR(_xlfn.XLOOKUP(1, ('ж.д.'!$A$6:$A$14 = $D38) * 1, _xlfn.XLOOKUP(1, ('ж.д.'!$B$5:$M$5 = J$2) * ('ж.д.'!$B$4:$M$4 = $S$2), 'ж.д.'!$B$6:$M$14)), "-")} -> 139800 | K38: {=IFERROR(_xlfn.XLOOKUP(1, ('ж.д.'!$A$6:$A$14 = $D38) * 1, _xlfn.XLOOKUP(1, ('ж.д.'!$B$5:$M$5 = K$2) * ('ж.д.'!$B$4:$M$4 = $S$2), 'ж.д.'!$B$6:$M$14)), "-")} -> 224600 | L38: {=IF(ISNUMBER(SEARCH("Транс",$C38)),_xlfn.XLOOKUP(1,('Фрахт Транс'!$A$5:$A$10=$D38)*1,_xlfn.XLOOKUP(1,('Фрахт Транс'!$B$3:$M$3 = $S$2)*('Фрахт Транс'!$B$4:$M$4=L$2),'Фрахт Транс'!$B$5:$M$10)),SUM($E38, $G38, $I38, $O38))} -> 341794 | M38: {=IF(ISNUMBER(SEARCH("Транс",$C38)),_xlfn.XLOOKUP(1,('Фрахт Транс'!$A$5:$A$10=$D38)*1,_xlfn.XLOOKUP(1,('Фрахт Транс'!$B$3:$M$3=$S$2)*('Фрахт Транс'!$B$4:$M$4=M$2),'Фрахт Транс'!$B$5:$M$10)),SUM($E38, $G38, $J38, $O38))} -> 359194 | N38: {=IF(ISNUMBER(SEARCH("Транс",$C38)),_xlfn.XLOOKUP(1,('Фрахт Транс'!$A$5:$A$10=$D38)*1,_xlfn.XLOOKUP(1,('Фрахт Транс'!$B$3:$M$3=$S$2)*('Фрахт Транс'!$B$4:$M$4=N$2),'Фрахт Транс'!$B$5:$M$10)),SUM($F38, $H38, $K38, $P38))} -> 591401 | O38: {=IFERROR(_xlfn.XLOOKUP(1, (Охрана!$A$6:$A$14 = $D38) * 1, _xlfn.XLOOKUP(1, (Охрана!$B$5:$M$5 = O$2) * (Охрана!$B$4:$M$4 = $S$2), Охрана!$B$6:$M$14)), "-")} -> 3394 | P38: {=IFERROR(_xlfn.XLOOKUP(1, (Охрана!$A$6:$A$14 = $D38) * 1, _xlfn.XLOOKUP(1, (Охрана!$B$5:$M$5 = P$2) * (Охрана!$B$4:$M$4 = $S$2), Охрана!$B$6:$M$14)), "-")} -> 6801
A39: QINGDAO | C39: EuroEast | D39: ВМПП | E39: {=IFERROR(_xlfn.XLOOKUP(1, (Фрахт!$A$5:$A$80 = $A39)* (Фрахт!$B$5:$B$80 = $C39) * (Фрахт!$C$5:$C$80 =$D39), _xlfn.XLOOKUP(1, (Фрахт!$D$4:$E$4 = E$2) * 1, Фрахт!$D$5:$E$80)) * $S$1, "-")} -> - | F39: {=IFERROR(_xlfn.XLOOKUP(1, (Фрахт!$A$5:$A$80 = $A39)* (Фрахт!$B$5:$B$80 = $C39) * (Фрахт!$C$5:$C$80 =$D39), _xlfn.XLOOKUP(1, (Фрахт!$D$4:$E$4 = F$2) * 1, Фрахт!$D$5:$E$80)) * $S$1, "-")} -> - | G39: {=IFERROR(_xlfn.XLOOKUP(1, ('Drop off'!$A$6:$A$14 = $C39) * 1, _xlfn.XLOOKUP(1, ('Drop off'!$B$5:$I$5 = G$2) * ('Drop off'!$B$4:$I$4 = $S$2), 'Drop off'!$B$6:$I$14)) * $S$1, "-")} -> 0 | H39: {=IFERROR(_xlfn.XLOOKUP(1, ('Drop off'!$A$6:$A$14 = $C39) * 1, _xlfn.XLOOKUP(1, ('Drop off'!$B$5:$I$5 = H$2) * ('Drop off'!$B$4:$I$4 = $S$2), 'Drop off'!$B$6:$I$14)) * $S$1, "-")} -> 0 | I39: {=IFERROR(_xlfn.XLOOKUP(1, ('ж.д.'!$A$6:$A$14 = $D39) * 1, _xlfn.XLOOKUP(1, ('ж.д.'!$B$5:$M$5 = I$2) * ('ж.д.'!$B$4:$M$4 = $S$2), 'ж.д.'!$B$6:$M$14)), "-")} -> 134400 | J39: {=IFERROR(_xlfn.XLOOKUP(1, ('ж.д.'!$A$6:$A$14 = $D39) * 1, _xlfn.XLOOKUP(1, ('ж.д.'!$B$5:$M$5 = J$2) * ('ж.д.'!$B$4:$M$4 = $S$2), 'ж.д.'!$B$6:$M$14)), "-")} -> 149400 | K39: {=IFERROR(_xlfn.XLOOKUP(1, ('ж.д.'!$A$6:$A$14 = $D39) * 1, _xlfn.XLOOKUP(1, ('ж.д.'!$B$5:$M$5 = K$2) * ('ж.д.'!$B$4:$M$4 = $S$2), 'ж.д.'!$B$6:$M$14)), "-")} -> 235000 | L39: {=IF(ISNUMBER(SEARCH("Транс",$C39)),_xlfn.XLOOKUP(1,('Фрахт Транс'!$A$5:$A$10=$D39)*1,_xlfn.XLOOKUP(1,('Фрахт Транс'!$B$3:$M$3 = $S$2)*('Фрахт Транс'!$B$4:$M$4=L$2),'Фрахт Транс'!$B$5:$M$10)),SUM($E39, $G39, $I39, $O39))} -> 137794 | M39: {=IF(ISNUMBER(SEARCH("Транс",$C39)),_xlfn.XLOOKUP(1,('Фрахт Транс'!$A$5:$A$10=$D39)*1,_xlfn.XLOOKUP(1,('Фрахт Транс'!$B$3:$M$3=$S$2)*('Фрахт Транс'!$B$4:$M$4=M$2),'Фрахт Транс'!$B$5:$M$10)),SUM($E39, $G39, $J39, $O39))} -> 152794 | N39: {=IF(ISNUMBER(SEARCH("Транс",$C39)),_xlfn.XLOOKUP(1,('Фрахт Транс'!$A$5:$A$10=$D39)*1,_xlfn.XLOOKUP(1,('Фрахт Транс'!$B$3:$M$3=$S$2)*('Фрахт Транс'!$B$4:$M$4=N$2),'Фрахт Транс'!$B$5:$M$10)),SUM($F39, $H39, $K39, $P39))} -> 241801 | O39: {=IFERROR(_xlfn.XLOOKUP(1, (Охрана!$A$6:$A$14 = $D39) * 1, _xlfn.XLOOKUP(1, (Охрана!$B$5:$M$5 = O$2) * (Охрана!$B$4:$M$4 = $S$2), Охрана!$B$6:$M$14)), "-")} -> 3394 | P39: {=IFERROR(_xlfn.XLOOKUP(1, (Охрана!$A$6:$A$14 = $D39) * 1, _xlfn.XLOOKUP(1, (Охрана!$B$5:$M$5 = P$2) * (Охрана!$B$4:$M$4 = $S$2), Охрана!$B$6:$M$14)), "-")} -> 6801
A40: QINGDAO | C40: EuroEast | D40: СОЛЛЕРС | E40: {=IFERROR(_xlfn.XLOOKUP(1, (Фрахт!$A$5:$A$80 = $A40)* (Фрахт!$B$5:$B$80 = $C40) * (Фрахт!$C$5:$C$80 =$D40), _xlfn.XLOOKUP(1, (Фрахт!$D$4:$E$4 = E$2) * 1, Фрахт!$D$5:$E$80)) * $S$1, "-")} -> 261000 | F40: {=IFERROR(_xlfn.XLOOKUP(1, (Фрахт!$A$5:$A$80 = $A40)* (Фрахт!$B$5:$B$80 = $C40) * (Фрахт!$C$5:$C$80 =$D40), _xlfn.XLOOKUP(1, (Фрахт!$D$4:$E$4 = F$2) * 1, Фрахт!$D$5:$E$80)) * $S$1, "-")} -> 372900 | G40: {=IFERROR(_xlfn.XLOOKUP(1, ('Drop off'!$A$6:$A$14 = $C40) * 1, _xlfn.XLOOKUP(1, ('Drop off'!$B$5:$I$5 = G$2) * ('Drop off'!$B$4:$I$4 = $S$2), 'Drop off'!$B$6:$I$14)) * $S$1, "-")} -> 0 | H40: {=IFERROR(_xlfn.XLOOKUP(1, ('Drop off'!$A$6:$A$14 = $C40) * 1, _xlfn.XLOOKUP(1, ('Drop off'!$B$5:$I$5 = H$2) * ('Drop off'!$B$4:$I$4 = $S$2), 'Drop off'!$B$6:$I$14)) * $S$1, "-")} -> 0 | I40: {=IFERROR(_xlfn.XLOOKUP(1, ('ж.д.'!$A$6:$A$14 = $D40) * 1, _xlfn.XLOOKUP(1, ('ж.д.'!$B$5:$M$5 = I$2) * ('ж.д.'!$B$4:$M$4 = $S$2), 'ж.д.'!$B$6:$M$14)), "-")} -> 134400 | J40: {=IFERROR(_xlfn.XLOOKUP(1, ('ж.д.'!$A$6:$A$14 = $D40) * 1, _xlfn.XLOOKUP(1, ('ж.д.'!$B$5:$M$5 = J$2) * ('ж.д.'!$B$4:$M$4 = $S$2), 'ж.д.'!$B$6:$M$14)), "-")} -> 149400 | K40: {=IFERROR(_xlfn.XLOOKUP(1, ('ж.д.'!$A$6:$A$14 = $D40) * 1, _xlfn.XLOOKUP(1, ('ж.д.'!$B$5:$M$5 = K$2) * ('ж.д.'!$B$4:$M$4 = $S$2), 'ж.д.'!$B$6:$M$14)), "-")} -> 235000 | L40: {=IF(ISNUMBER(SEARCH("Транс",$C40)),_xlfn.XLOOKUP(1,('Фрахт Транс'!$A$5:$A$10=$D40)*1,_xlfn.XLOOKUP(1,('Фрахт Транс'!$B$3:$M$3 = $S$2)*('Фрахт Транс'!$B$4:$M$4=L$2),'Фрахт Транс'!$B$5:$M$10)),SUM($E40, $G40, $I40, $O40))} -> 398794 | M40: {=IF(ISNUMBER(SEARCH("Транс",$C40)),_xlfn.XLOOKUP(1,('Фрахт Транс'!$A$5:$A$10=$D40)*1,_xlfn.XLOOKUP(1,('Фрахт Транс'!$B$3:$M$3=$S$2)*('Фрахт Транс'!$B$4:$M$4=M$2),'Фрахт Транс'!$B$5:$M$10)),SUM($E40, $G40, $J40, $O40))} -> 413794 | N40: {=IF(ISNUMBER(SEARCH("Транс",$C40)),_xlfn.XLOOKUP(1,('Фрахт Транс'!$A$5:$A$10=$D40)*1,_xlfn.XLOOKUP(1,('Фрахт Транс'!$B$3:$M$3=$S$2)*('Фрахт Транс'!$B$4:$M$4=N$2),'Фрахт Транс'!$B$5:$M$10)),SUM($F40, $H40, $K40, $P40))} -> 614701 | O40: {=IFERROR(_xlfn.XLOOKUP(1, (Охрана!$A$6:$A$14 = $D40) * 1, _xlfn.XLOOKUP(1, (Охрана!$B$5:$M$5 = O$2) * (Охрана!$B$4:$M$4 = $S$2), Охрана!$B$6:$M$14)), "-")} -> 3394 | P40: {=IFERROR(_xlfn.XLOOKUP(1, (Охрана!$A$6:$A$14 = $D40) * 1, _xlfn.XLOOKUP(1, (Охрана!$B$5:$M$5 = P$2) * (Охрана!$B$4:$M$4 = $S$2), Охрана!$B$6:$M$14)), "-")} -> 6801
A41: QINGDAO | C41: EuroEast | D41: ВМПП/СОЛЛЕРС (Сквозной EuroEast) | E41: {=IFERROR(_xlfn.XLOOKUP(1, (Фрахт!$A$5:$A$80 = $A41)* (Фрахт!$B$5:$B$80 = $C41) * (Фрахт!$C$5:$C$80 =$D41), _xlfn.XLOOKUP(1, (Фрахт!$D$4:$E$4 = E$2) * 1, Фрахт!$D$5:$E$80)) * $S$1, "-")} -> - | F41: {=IFERROR(_xlfn.XLOOKUP(1, (Фрахт!$A$5:$A$80 = $A41)* (Фрахт!$B$5:$B$80 = $C41) * (Фрахт!$C$5:$C$80 =$D41), _xlfn.XLOOKUP(1, (Фрахт!$D$4:$E$4 = F$2) * 1, Фрахт!$D$5:$E$80)) * $S$1, "-")} -> - | G41: {=IFERROR(_xlfn.XLOOKUP(1, ('Drop off'!$A$6:$A$14 = $C41) * 1, _xlfn.XLOOKUP(1, ('Drop off'!$B$5:$I$5 = G$2) * ('Drop off'!$B$4:$I$4 = $S$2), 'Drop off'!$B$6:$I$14)) * $S$1, "-")} -> 0 | H41: {=IFERROR(_xlfn.XLOOKUP(1, ('Drop off'!$A$6:$A$14 = $C41) * 1, _xlfn.XLOOKUP(1, ('Drop off'!$B$5:$I$5 = H$2) * ('Drop off'!$B$4:$I$4 = $S$2), 'Drop off'!$B$6:$I$14)) * $S$1, "-")} -> 0 | I41: {=IFERROR(_xlfn.XLOOKUP(1, ('ж.д.'!$A$6:$A$14 = $D41) * 1, _xlfn.XLOOKUP(1, ('ж.д.'!$B$5:$M$5 = I$2) * ('ж.д.'!$B$4:$M$4 = $S$2), 'ж.д.'!$B$6:$M$14)), "-")} -> - | J41: {=IFERROR(_xlfn.XLOOKUP(1, ('ж.д.'!$A$6:$A$14 = $D41) * 1, _xlfn.XLOOKUP(1, ('ж.д.'!$B$5:$M$5 = J$2) * ('ж.д.'!$B$4:$M$4 = $S$2), 'ж.д.'!$B$6:$M$14)), "-")} -> - | K41: {=IFERROR(_xlfn.XLOOKUP(1, ('ж.д.'!$A$6:$A$14 = $D41) * 1, _xlfn.XLOOKUP(1, ('ж.д.'!$B$5:$M$5 = K$2) * ('ж.д.'!$B$4:$M$4 = $S$2), 'ж.д.'!$B$6:$M$14)), "-")} -> - | L41: {=IF(ISNUMBER(SEARCH("Транс",$C41)),_xlfn.XLOOKUP(1,('Фрахт Транс'!$A$5:$A$10=$D41)*1,_xlfn.XLOOKUP(1,('Фрахт Транс'!$B$3:$M$3 = $S$2)*('Фрахт Транс'!$B$4:$M$4=L$2),'Фрахт Транс'!$B$5:$M$10)),SUM($E41, $G41, $I41, $O41))} -> 0 | M41: {=IF(ISNUMBER(SEARCH("Транс",$C41)),_xlfn.XLOOKUP(1,('Фрахт Транс'!$A$5:$A$10=$D41)*1,_xlfn.XLOOKUP(1,('Фрахт Транс'!$B$3:$M$3=$S$2)*('Фрахт Транс'!$B$4:$M$4=M$2),'Фрахт Транс'!$B$5:$M$10)),SUM($E41, $G41, $J41, $O41))} -> 0 | N41: {=IF(ISNUMBER(SEARCH("Транс",$C41)),_xlfn.XLOOKUP(1,('Фрахт Транс'!$A$5:$A$10=$D41)*1,_xlfn.XLOOKUP(1,('Фрахт Транс'!$B$3:$M$3=$S$2)*('Фрахт Транс'!$B$4:$M$4=N$2),'Фрахт Транс'!$B$5:$M$10)),SUM($F41, $H41, $K41, $P41))} -> 0 | O41: {=IFERROR(_xlfn.XLOOKUP(1, (Охрана!$A$6:$A$14 = $D41) * 1, _xlfn.XLOOKUP(1, (Охрана!$B$5:$M$5 = O$2) * (Охрана!$B$4:$M$4 = $S$2), Охрана!$B$6:$M$14)), "-")} -> - | P41: {=IFERROR(_xlfn.XLOOKUP(1, (Охрана!$A$6:$A$14 = $D41) * 1, _xlfn.XLOOKUP(1, (Охрана!$B$5:$M$5 = P$2) * (Охрана!$B$4:$M$4 = $S$2), Охрана!$B$6:$M$14)), "-")} -> -
A42: QINGDAO | C42: Хасан | D42: Соллерс (Хасан) | E42: {=IFERROR(_xlfn.XLOOKUP(1, (Фрахт!$A$5:$A$80 = $A42)* (Фрахт!$B$5:$B$80 = $C42) * (Фрахт!$C$5:$C$80 =$D42), _xlfn.XLOOKUP(1, (Фрахт!$D$4:$E$4 = E$2) * 1, Фрахт!$D$5:$E$80)) * $S$1, "-")} -> 234840 | F42: {=IFERROR(_xlfn.XLOOKUP(1, (Фрахт!$A$5:$A$80 = $A42)* (Фрахт!$B$5:$B$80 = $C42) * (Фрахт!$C$5:$C$80 =$D42), _xlfn.XLOOKUP(1, (Фрахт!$D$4:$E$4 = F$2) * 1, Фрахт!$D$5:$E$80)) * $S$1, "-")} -> 343200 | G42: {=IFERROR(_xlfn.XLOOKUP(1, ('Drop off'!$A$6:$A$14 = $C42) * 1, _xlfn.XLOOKUP(1, ('Drop off'!$B$5:$I$5 = G$2) * ('Drop off'!$B$4:$I$4 = $S$2), 'Drop off'!$B$6:$I$14)) * $S$1, "-")} -> 6000 | H42: {=IFERROR(_xlfn.XLOOKUP(1, ('Drop off'!$A$6:$A$14 = $C42) * 1, _xlfn.XLOOKUP(1, ('Drop off'!$B$5:$I$5 = H$2) * ('Drop off'!$B$4:$I$4 = $S$2), 'Drop off'!$B$6:$I$14)) * $S$1, "-")} -> 6000 | I42: {=IFERROR(_xlfn.XLOOKUP(1, ('ж.д.'!$A$6:$A$14 = $D42) * 1, _xlfn.XLOOKUP(1, ('ж.д.'!$B$5:$M$5 = I$2) * ('ж.д.'!$B$4:$M$4 = $S$2), 'ж.д.'!$B$6:$M$14)), "-")} -> 122400 | J42: {=IFERROR(_xlfn.XLOOKUP(1, ('ж.д.'!$A$6:$A$14 = $D42) * 1, _xlfn.XLOOKUP(1, ('ж.д.'!$B$5:$M$5 = J$2) * ('ж.д.'!$B$4:$M$4 = $S$2), 'ж.д.'!$B$6:$M$14)), "-")} -> 139800 | K42: {=IFERROR(_xlfn.XLOOKUP(1, ('ж.д.'!$A$6:$A$14 = $D42) * 1, _xlfn.XLOOKUP(1, ('ж.д.'!$B$5:$M$5 = K$2) * ('ж.д.'!$B$4:$M$4 = $S$2), 'ж.д.'!$B$6:$M$14)), "-")} -> 155000 | L42: {=IF(ISNUMBER(SEARCH("Транс",$C42)),_xlfn.XLOOKUP(1,('Фрахт Транс'!$A$5:$A$10=$D42)*1,_xlfn.XLOOKUP(1,('Фрахт Транс'!$B$3:$M$3 = $S$2)*('Фрахт Транс'!$B$4:$M$4=L$2),'Фрахт Транс'!$B$5:$M$10)),SUM($E42, $G42, $I42, $O42))} -> 363240 | M42: {=IF(ISNUMBER(SEARCH("Транс",$C42)),_xlfn.XLOOKUP(1,('Фрахт Транс'!$A$5:$A$10=$D42)*1,_xlfn.XLOOKUP(1,('Фрахт Транс'!$B$3:$M$3=$S$2)*('Фрахт Транс'!$B$4:$M$4=M$2),'Фрахт Транс'!$B$5:$M$10)),SUM($E42, $G42, $J42, $O42))} -> 380640 | N42: {=IF(ISNUMBER(SEARCH("Транс",$C42)),_xlfn.XLOOKUP(1,('Фрахт Транс'!$A$5:$A$10=$D42)*1,_xlfn.XLOOKUP(1,('Фрахт Транс'!$B$3:$M$3=$S$2)*('Фрахт Транс'!$B$4:$M$4=N$2),'Фрахт Транс'!$B$5:$M$10)),SUM($F42, $H42, $K42, $P42))} -> 504200 | O42: {=IFERROR(_xlfn.XLOOKUP(1, (Охрана!$A$6:$A$14 = $D42) * 1, _xlfn.XLOOKUP(1, (Охрана!$B$5:$M$5 = O$2) * (Охрана!$B$4:$M$4 = $S$2), Охрана!$B$6:$M$14)), "-")} -> - | P42: {=IFERROR(_xlfn.XLOOKUP(1, (Охрана!$A$6:$A$14 = $D42) * 1, _xlfn.XLOOKUP(1, (Охрана!$B$5:$M$5 = P$2) * (Охрана!$B$4:$M$4 = $S$2), Охрана!$B$6:$M$14)), "-")} -> -
A43: QINGDAO | C43: SASCO | D43: ВМКТ | E43: {=IFERROR(_xlfn.XLOOKUP(1, (Фрахт!$A$5:$A$80 = $A43)* (Фрахт!$B$5:$B$80 = $C43) * (Фрахт!$C$5:$C$80 =$D43), _xlfn.XLOOKUP(1, (Фрахт!$D$4:$E$4 = E$2) * 1, Фрахт!$D$5:$E$80)) * $S$1, "-")} -> 282000 | F43: {=IFERROR(_xlfn.XLOOKUP(1, (Фрахт!$A$5:$A$80 = $A43)* (Фрахт!$B$5:$B$80 = $C43) * (Фрахт!$C$5:$C$80 =$D43), _xlfn.XLOOKUP(1, (Фрахт!$D$4:$E$4 = F$2) * 1, Фрахт!$D$5:$E$80)) * $S$1, "-")} -> 342000 | G43: {=IFERROR(_xlfn.XLOOKUP(1, ('Drop off'!$A$6:$A$14 = $C43) * 1, _xlfn.XLOOKUP(1, ('Drop off'!$B$5:$I$5 = G$2) * ('Drop off'!$B$4:$I$4 = $S$2), 'Drop off'!$B$6:$I$14)) * $S$1, "-")} -> 0 | H43: {=IFERROR(_xlfn.XLOOKUP(1, ('Drop off'!$A$6:$A$14 = $C43) * 1, _xlfn.XLOOKUP(1, ('Drop off'!$B$5:$I$5 = H$2) * ('Drop off'!$B$4:$I$4 = $S$2), 'Drop off'!$B$6:$I$14)) * $S$1, "-")} -> 0 | I43: {=IFERROR(_xlfn.XLOOKUP(1, ('ж.д.'!$A$6:$A$14 = $D43) * 1, _xlfn.XLOOKUP(1, ('ж.д.'!$B$5:$M$5 = I$2) * ('ж.д.'!$B$4:$M$4 = $S$2), 'ж.д.'!$B$6:$M$14)), "-")} -> 125000 | J43: {=IFERROR(_xlfn.XLOOKUP(1, ('ж.д.'!$A$6:$A$14 = $D43) * 1, _xlfn.XLOOKUP(1, ('ж.д.'!$B$5:$M$5 = J$2) * ('ж.д.'!$B$4:$M$4 = $S$2), 'ж.д.'!$B$6:$M$14)), "-")} -> 140000 | K43: {=IFERROR(_xlfn.XLOOKUP(1, ('ж.д.'!$A$6:$A$14 = $D43) * 1, _xlfn.XLOOKUP(1, ('ж.д.'!$B$5:$M$5 = K$2) * ('ж.д.'!$B$4:$M$4 = $S$2), 'ж.д.'!$B$6:$M$14)), "-")} -> 227000 | L43: {=IF(ISNUMBER(SEARCH("Транс",$C43)),_xlfn.XLOOKUP(1,('Фрахт Транс'!$A$5:$A$10=$D43)*1,_xlfn.XLOOKUP(1,('Фрахт Транс'!$B$3:$M$3 = $S$2)*('Фрахт Транс'!$B$4:$M$4=L$2),'Фрахт Транс'!$B$5:$M$10)),SUM($E43, $G43, $I43, $O43))} -> 411100 | M43: {=IF(ISNUMBER(SEARCH("Транс",$C43)),_xlfn.XLOOKUP(1,('Фрахт Транс'!$A$5:$A$10=$D43)*1,_xlfn.XLOOKUP(1,('Фрахт Транс'!$B$3:$M$3=$S$2)*('Фрахт Транс'!$B$4:$M$4=M$2),'Фрахт Транс'!$B$5:$M$10)),SUM($E43, $G43, $J43, $O43))} -> 426100 | N43: {=IF(ISNUMBER(SEARCH("Транс",$C43)),_xlfn.XLOOKUP(1,('Фрахт Транс'!$A$5:$A$10=$D43)*1,_xlfn.XLOOKUP(1,('Фрахт Транс'!$B$3:$M$3=$S$2)*('Фрахт Транс'!$B$4:$M$4=N$2),'Фрахт Транс'!$B$5:$M$10)),SUM($F43, $H43, $K43, $P43))} -> 577200 | O43: {=IFERROR(_xlfn.XLOOKUP(1, (Охрана!$A$6:$A$14 = $D43) * 1, _xlfn.XLOOKUP(1, (Охрана!$B$5:$M$5 = O$2) * (Охрана!$B$4:$M$4 = $S$2), Охрана!$B$6:$M$14)), "-")} -> 4100 | P43: {=IFERROR(_xlfn.XLOOKUP(1, (Охрана!$A$6:$A$14 = $D43) * 1, _xlfn.XLOOKUP(1, (Охрана!$B$5:$M$5 = P$2) * (Охрана!$B$4:$M$4 = $S$2), Охрана!$B$6:$M$14)), "-")} -> 8200
A44: XIAMEN | B44: XIAMEN | C44: Трансконтейнер (Сквозной сервис) | D44: ВСК (ТК) Xiamen | E44: {=IFERROR(_xlfn.XLOOKUP(1, (Фрахт!$A$5:$A$80 = $A44)* (Фрахт!$B$5:$B$80 = $C44) * (Фрахт!$C$5:$C$80 =$D44), _xlfn.XLOOKUP(1, (Фрахт!$D$4:$E$4 = E$2) * 1, Фрахт!$D$5:$E$80)) * $S$1, "-")} -> - | F44: {=IFERROR(_xlfn.XLOOKUP(1, (Фрахт!$A$5:$A$80 = $A44)* (Фрахт!$B$5:$B$80 = $C44) * (Фрахт!$C$5:$C$80 =$D44), _xlfn.XLOOKUP(1, (Фрахт!$D$4:$E$4 = F$2) * 1, Фрахт!$D$5:$E$80)) * $S$1, "-")} -> - | G44: {=IFERROR(_xlfn.XLOOKUP(1, ('Drop off'!$A$6:$A$14 = $C44) * 1, _xlfn.XLOOKUP(1, ('Drop off'!$B$5:$I$5 = G$2) * ('Drop off'!$B$4:$I$4 = $S$2), 'Drop off'!$B$6:$I$14)) * $S$1, "-")} -> 0 | H44: {=IFERROR(_xlfn.XLOOKUP(1, ('Drop off'!$A$6:$A$14 = $C44) * 1, _xlfn.XLOOKUP(1, ('Drop off'!$B$5:$I$5 = H$2) * ('Drop off'!$B$4:$I$4 = $S$2), 'Drop off'!$B$6:$I$14)) * $S$1, "-")} -> 0 | I44: {=IFERROR(_xlfn.XLOOKUP(1, ('ж.д.'!$A$6:$A$14 = $D44) * 1, _xlfn.XLOOKUP(1, ('ж.д.'!$B$5:$M$5 = I$2) * ('ж.д.'!$B$4:$M$4 = $S$2), 'ж.д.'!$B$6:$M$14)), "-")} -> - | J44: {=IFERROR(_xlfn.XLOOKUP(1, ('ж.д.'!$A$6:$A$14 = $D44) * 1, _xlfn.XLOOKUP(1, ('ж.д.'!$B$5:$M$5 = J$2) * ('ж.д.'!$B$4:$M$4 = $S$2), 'ж.д.'!$B$6:$M$14)), "-")} -> - | K44: {=IFERROR(_xlfn.XLOOKUP(1, ('ж.д.'!$A$6:$A$14 = $D44) * 1, _xlfn.XLOOKUP(1, ('ж.д.'!$B$5:$M$5 = K$2) * ('ж.д.'!$B$4:$M$4 = $S$2), 'ж.д.'!$B$6:$M$14)), "-")} -> - | L44: {=IF(ISNUMBER(SEARCH("Транс",$C44)),_xlfn.XLOOKUP(1,('Фрахт Транс'!$A$5:$A$10=$D44)*1,_xlfn.XLOOKUP(1,('Фрахт Транс'!$B$3:$M$3 = $S$2)*('Фрахт Транс'!$B$4:$M$4=L$2),'Фрахт Транс'!$B$5:$M$10)),SUM($E44, $G44, $I44, $O44))} -> 423556 | M44: {=IF(ISNUMBER(SEARCH("Транс",$C44)),_xlfn.XLOOKUP(1,('Фрахт Транс'!$A$5:$A$10=$D44)*1,_xlfn.XLOOKUP(1,('Фрахт Транс'!$B$3:$M$3=$S$2)*('Фрахт Транс'!$B$4:$M$4=M$2),'Фрахт Транс'!$B$5:$M$10)),SUM($E44, $G44, $J44, $O44))} -> 441094 | N44: {=IF(ISNUMBER(SEARCH("Транс",$C44)),_xlfn.XLOOKUP(1,('Фрахт Транс'!$A$5:$A$10=$D44)*1,_xlfn.XLOOKUP(1,('Фрахт Транс'!$B$3:$M$3=$S$2)*('Фрахт Транс'!$B$4:$M$4=N$2),'Фрахт Транс'!$B$5:$M$10)),SUM($F44, $H44, $K44, $P44))} -> 599268 | O44: {=IFERROR(_xlfn.XLOOKUP(1, (Охрана!$A$6:$A$14 = $D44) * 1, _xlfn.XLOOKUP(1, (Охрана!$B$5:$M$5 = O$2) * (Охрана!$B$4:$M$4 = $S$2), Охрана!$B$6:$M$14)), "-")} -> - | P44: {=IFERROR(_xlfn.XLOOKUP(1, (Охрана!$A$6:$A$14 = $D44) * 1, _xlfn.XLOOKUP(1, (Охрана!$B$5:$M$5 = P$2) * (Охрана!$B$4:$M$4 = $S$2), Охрана!$B$6:$M$14)), "-")} -> -
A45: XIAMEN | C45: ФЕСКО | D45: ВМТП (Феско) | E45: {=IFERROR(_xlfn.XLOOKUP(1, (Фрахт!$A$5:$A$80 = $A45)* (Фрахт!$B$5:$B$80 = $C45) * (Фрахт!$C$5:$C$80 =$D45), _xlfn.XLOOKUP(1, (Фрахт!$D$4:$E$4 = E$2) * 1, Фрахт!$D$5:$E$80)) * $S$1, "-")} -> 330000 | F45: {=IFERROR(_xlfn.XLOOKUP(1, (Фрахт!$A$5:$A$80 = $A45)* (Фрахт!$B$5:$B$80 = $C45) * (Фрахт!$C$5:$C$80 =$D45), _xlfn.XLOOKUP(1, (Фрахт!$D$4:$E$4 = F$2) * 1, Фрахт!$D$5:$E$80)) * $S$1, "-")} -> 510000 | G45: {=IFERROR(_xlfn.XLOOKUP(1, ('Drop off'!$A$6:$A$14 = $C45) * 1, _xlfn.XLOOKUP(1, ('Drop off'!$B$5:$I$5 = G$2) * ('Drop off'!$B$4:$I$4 = $S$2), 'Drop off'!$B$6:$I$14)) * $S$1, "-")} -> 0 | H45: {=IFERROR(_xlfn.XLOOKUP(1, ('Drop off'!$A$6:$A$14 = $C45) * 1, _xlfn.XLOOKUP(1, ('Drop off'!$B$5:$I$5 = H$2) * ('Drop off'!$B$4:$I$4 = $S$2), 'Drop off'!$B$6:$I$14)) * $S$1, "-")} -> 0 | I45: {=IFERROR(_xlfn.XLOOKUP(1, ('ж.д.'!$A$6:$A$14 = $D45) * 1, _xlfn.XLOOKUP(1, ('ж.д.'!$B$5:$M$5 = I$2) * ('ж.д.'!$B$4:$M$4 = $S$2), 'ж.д.'!$B$6:$M$14)), "-")} -> 167600 | J45: {=IFERROR(_xlfn.XLOOKUP(1, ('ж.д.'!$A$6:$A$14 = $D45) * 1, _xlfn.XLOOKUP(1, ('ж.д.'!$B$5:$M$5 = J$2) * ('ж.д.'!$B$4:$M$4 = $S$2), 'ж.д.'!$B$6:$M$14)), "-")} -> 181540 | K45: {=IFERROR(_xlfn.XLOOKUP(1, ('ж.д.'!$A$6:$A$14 = $D45) * 1, _xlfn.XLOOKUP(1, ('ж.д.'!$B$5:$M$5 = K$2) * ('ж.д.'!$B$4:$M$4 = $S$2), 'ж.д.'!$B$6:$M$14)), "-")} -> 292000 | L45: {=IF(ISNUMBER(SEARCH("Транс",$C45)),_xlfn.XLOOKUP(1,('Фрахт Транс'!$A$5:$A$10=$D45)*1,_xlfn.XLOOKUP(1,('Фрахт Транс'!$B$3:$M$3 = $S$2)*('Фрахт Транс'!$B$4:$M$4=L$2),'Фрахт Транс'!$B$5:$M$10)),SUM($E45, $G45, $I45, $O45))} -> 501422 | M45: {=IF(ISNUMBER(SEARCH("Транс",$C45)),_xlfn.XLOOKUP(1,('Фрахт Транс'!$A$5:$A$10=$D45)*1,_xlfn.XLOOKUP(1,('Фрахт Транс'!$B$3:$M$3=$S$2)*('Фрахт Транс'!$B$4:$M$4=M$2),'Фрахт Транс'!$B$5:$M$10)),SUM($E45, $G45, $J45, $O45))} -> 515362 | N45: {=IF(ISNUMBER(SEARCH("Транс",$C45)),_xlfn.XLOOKUP(1,('Фрахт Транс'!$A$5:$A$10=$D45)*1,_xlfn.XLOOKUP(1,('Фрахт Транс'!$B$3:$M$3=$S$2)*('Фрахт Транс'!$B$4:$M$4=N$2),'Фрахт Транс'!$B$5:$M$10)),SUM($F45, $H45, $K45, $P45))} -> 808910 | O45: {=IFERROR(_xlfn.XLOOKUP(1, (Охрана!$A$6:$A$14 = $D45) * 1, _xlfn.XLOOKUP(1, (Охрана!$B$5:$M$5 = O$2) * (Охрана!$B$4:$M$4 = $S$2), Охрана!$B$6:$M$14)), "-")} -> 3822 | P45: {=IFERROR(_xlfn.XLOOKUP(1, (Охрана!$A$6:$A$14 = $D45) * 1, _xlfn.XLOOKUP(1, (Охрана!$B$5:$M$5 = P$2) * (Охрана!$B$4:$M$4 = $S$2), Охрана!$B$6:$M$14)), "-")} -> 6910
A46: XIAMEN | C46: ФЕСКО | D46: ВМТП (Феско ост.) | E46: {=IFERROR(_xlfn.XLOOKUP(1, (Фрахт!$A$5:$A$80 = $A46)* (Фрахт!$B$5:$B$80 = $C46) * (Фрахт!$C$5:$C$80 =$D46), _xlfn.XLOOKUP(1, (Фрахт!$D$4:$E$4 = E$2) * 1, Фрахт!$D$5:$E$80)) * $S$1, "-")} -> 330000 | F46: {=IFERROR(_xlfn.XLOOKUP(1, (Фрахт!$A$5:$A$80 = $A46)* (Фрахт!$B$5:$B$80 = $C46) * (Фрахт!$C$5:$C$80 =$D46), _xlfn.XLOOKUP(1, (Фрахт!$D$4:$E$4 = F$2) * 1, Фрахт!$D$5:$E$80)) * $S$1, "-")} -> 510000 | G46: {=IFERROR(_xlfn.XLOOKUP(1, ('Drop off'!$A$6:$A$14 = $C46) * 1, _xlfn.XLOOKUP(1, ('Drop off'!$B$5:$I$5 = G$2) * ('Drop off'!$B$4:$I$4 = $S$2), 'Drop off'!$B$6:$I$14)) * $S$1, "-")} -> 0 | H46: {=IFERROR(_xlfn.XLOOKUP(1, ('Drop off'!$A$6:$A$14 = $C46) * 1, _xlfn.XLOOKUP(1, ('Drop off'!$B$5:$I$5 = H$2) * ('Drop off'!$B$4:$I$4 = $S$2), 'Drop off'!$B$6:$I$14)) * $S$1, "-")} -> 0 | I46: {=IFERROR(_xlfn.XLOOKUP(1, ('ж.д.'!$A$6:$A$14 = $D46) * 1, _xlfn.XLOOKUP(1, ('ж.д.'!$B$5:$M$5 = I$2) * ('ж.д.'!$B$4:$M$4 = $S$2), 'ж.д.'!$B$6:$M$14)), "-")} -> 173730 | J46: {=IFERROR(_xlfn.XLOOKUP(1, ('ж.д.'!$A$6:$A$14 = $D46) * 1, _xlfn.XLOOKUP(1, ('ж.д.'!$B$5:$M$5 = J$2) * ('ж.д.'!$B$4:$M$4 = $S$2), 'ж.д.'!$B$6:$M$14)), "-")} -> 191045 | K46: {=IFERROR(_xlfn.XLOOKUP(1, ('ж.д.'!$A$6:$A$14 = $D46) * 1, _xlfn.XLOOKUP(1, ('ж.д.'!$B$5:$M$5 = K$2) * ('ж.д.'!$B$4:$M$4 = $S$2), 'ж.д.'!$B$6:$M$14)), "-")} -> 303815 | L46: {=IF(ISNUMBER(SEARCH("Транс",$C46)),_xlfn.XLOOKUP(1,('Фрахт Транс'!$A$5:$A$10=$D46)*1,_xlfn.XLOOKUP(1,('Фрахт Транс'!$B$3:$M$3 = $S$2)*('Фрахт Транс'!$B$4:$M$4=L$2),'Фрахт Транс'!$B$5:$M$10)),SUM($E46, $G46, $I46, $O46))} -> 507552 | M46: {=IF(ISNUMBER(SEARCH("Транс",$C46)),_xlfn.XLOOKUP(1,('Фрахт Транс'!$A$5:$A$10=$D46)*1,_xlfn.XLOOKUP(1,('Фрахт Транс'!$B$3:$M$3=$S$2)*('Фрахт Транс'!$B$4:$M$4=M$2),'Фрахт Транс'!$B$5:$M$10)),SUM($E46, $G46, $J46, $O46))} -> 524867 | N46: {=IF(ISNUMBER(SEARCH("Транс",$C46)),_xlfn.XLOOKUP(1,('Фрахт Транс'!$A$5:$A$10=$D46)*1,_xlfn.XLOOKUP(1,('Фрахт Транс'!$B$3:$M$3=$S$2)*('Фрахт Транс'!$B$4:$M$4=N$2),'Фрахт Транс'!$B$5:$M$10)),SUM($F46, $H46, $K46, $P46))} -> 820725 | O46: {=IFERROR(_xlfn.XLOOKUP(1, (Охрана!$A$6:$A$14 = $D46) * 1, _xlfn.XLOOKUP(1, (Охрана!$B$5:$M$5 = O$2) * (Охрана!$B$4:$M$4 = $S$2), Охрана!$B$6:$M$14)), "-")} -> 3822 | P46: {=IFERROR(_xlfn.XLOOKUP(1, (Охрана!$A$6:$A$14 = $D46) * 1, _xlfn.XLOOKUP(1, (Охрана!$B$5:$M$5 = P$2) * (Охрана!$B$4:$M$4 = $S$2), Охрана!$B$6:$M$14)), "-")} -> 6910
A47: XIAMEN | C47: SINOKOR | D47: ВСК | E47: {=IFERROR(_xlfn.XLOOKUP(1, (Фрахт!$A$5:$A$80 = $A47)* (Фрахт!$B$5:$B$80 = $C47) * (Фрахт!$C$5:$C$80 =$D47), _xlfn.XLOOKUP(1, (Фрахт!$D$4:$E$4 = E$2) * 1, Фрахт!$D$5:$E$80)) * $S$1, "-")} -> 315000 | F47: {=IFERROR(_xlfn.XLOOKUP(1, (Фрахт!$A$5:$A$80 = $A47)* (Фрахт!$B$5:$B$80 = $C47) * (Фрахт!$C$5:$C$80 =$D47), _xlfn.XLOOKUP(1, (Фрахт!$D$4:$E$4 = F$2) * 1, Фрахт!$D$5:$E$80)) * $S$1, "-")} -> 472500 | G47: {=IFERROR(_xlfn.XLOOKUP(1, ('Drop off'!$A$6:$A$14 = $C47) * 1, _xlfn.XLOOKUP(1, ('Drop off'!$B$5:$I$5 = G$2) * ('Drop off'!$B$4:$I$4 = $S$2), 'Drop off'!$B$6:$I$14)) * $S$1, "-")} -> 56700 | H47: {=IFERROR(_xlfn.XLOOKUP(1, ('Drop off'!$A$6:$A$14 = $C47) * 1, _xlfn.XLOOKUP(1, ('Drop off'!$B$5:$I$5 = H$2) * ('Drop off'!$B$4:$I$4 = $S$2), 'Drop off'!$B$6:$I$14)) * $S$1, "-")} -> 37800 | I47: {=IFERROR(_xlfn.XLOOKUP(1, ('ж.д.'!$A$6:$A$14 = $D47) * 1, _xlfn.XLOOKUP(1, ('ж.д.'!$B$5:$M$5 = I$2) * ('ж.д.'!$B$4:$M$4 = $S$2), 'ж.д.'!$B$6:$M$14)), "-")} -> 122400 | J47: {=IFERROR(_xlfn.XLOOKUP(1, ('ж.д.'!$A$6:$A$14 = $D47) * 1, _xlfn.XLOOKUP(1, ('ж.д.'!$B$5:$M$5 = J$2) * ('ж.д.'!$B$4:$M$4 = $S$2), 'ж.д.'!$B$6:$M$14)), "-")} -> 139800 | K47: {=IFERROR(_xlfn.XLOOKUP(1, ('ж.д.'!$A$6:$A$14 = $D47) * 1, _xlfn.XLOOKUP(1, ('ж.д.'!$B$5:$M$5 = K$2) * ('ж.д.'!$B$4:$M$4 = $S$2), 'ж.д.'!$B$6:$M$14)), "-")} -> 224600 | L47: {=IF(ISNUMBER(SEARCH("Транс",$C47)),_xlfn.XLOOKUP(1,('Фрахт Транс'!$A$5:$A$10=$D47)*1,_xlfn.XLOOKUP(1,('Фрахт Транс'!$B$3:$M$3 = $S$2)*('Фрахт Транс'!$B$4:$M$4=L$2),'Фрахт Транс'!$B$5:$M$10)),SUM($E47, $G47, $I47, $O47))} -> 497494 | M47: {=IF(ISNUMBER(SEARCH("Транс",$C47)),_xlfn.XLOOKUP(1,('Фрахт Транс'!$A$5:$A$10=$D47)*1,_xlfn.XLOOKUP(1,('Фрахт Транс'!$B$3:$M$3=$S$2)*('Фрахт Транс'!$B$4:$M$4=M$2),'Фрахт Транс'!$B$5:$M$10)),SUM($E47, $G47, $J47, $O47))} -> 514894 | N47: {=IF(ISNUMBER(SEARCH("Транс",$C47)),_xlfn.XLOOKUP(1,('Фрахт Транс'!$A$5:$A$10=$D47)*1,_xlfn.XLOOKUP(1,('Фрахт Транс'!$B$3:$M$3=$S$2)*('Фрахт Транс'!$B$4:$M$4=N$2),'Фрахт Транс'!$B$5:$M$10)),SUM($F47, $H47, $K47, $P47))} -> 741701 | O47: {=IFERROR(_xlfn.XLOOKUP(1, (Охрана!$A$6:$A$14 = $D47) * 1, _xlfn.XLOOKUP(1, (Охрана!$B$5:$M$5 = O$2) * (Охрана!$B$4:$M$4 = $S$2), Охрана!$B$6:$M$14)), "-")} -> 3394 | P47: {=IFERROR(_xlfn.XLOOKUP(1, (Охрана!$A$6:$A$14 = $D47) * 1, _xlfn.XLOOKUP(1, (Охрана!$B$5:$M$5 = P$2) * (Охрана!$B$4:$M$4 = $S$2), Охрана!$B$6:$M$14)), "-")} -> 6801
A48: XIAMEN | C48: SINOKOR | D48: Соллерс | E48: {=IFERROR(_xlfn.XLOOKUP(1, (Фрахт!$A$5:$A$80 = $A48)* (Фрахт!$B$5:$B$80 = $C48) * (Фрахт!$C$5:$C$80 =$D48), _xlfn.XLOOKUP(1, (Фрахт!$D$4:$E$4 = E$2) * 1, Фрахт!$D$5:$E$80)) * $S$1, "-")} -> 315000 | F48: {=IFERROR(_xlfn.XLOOKUP(1, (Фрахт!$A$5:$A$80 = $A48)* (Фрахт!$B$5:$B$80 = $C48) * (Фрахт!$C$5:$C$80 =$D48), _xlfn.XLOOKUP(1, (Фрахт!$D$4:$E$4 = F$2) * 1, Фрахт!$D$5:$E$80)) * $S$1, "-")} -> 472500 | G48: {=IFERROR(_xlfn.XLOOKUP(1, ('Drop off'!$A$6:$A$14 = $C48) * 1, _xlfn.XLOOKUP(1, ('Drop off'!$B$5:$I$5 = G$2) * ('Drop off'!$B$4:$I$4 = $S$2), 'Drop off'!$B$6:$I$14)) * $S$1, "-")} -> 56700 | H48: {=IFERROR(_xlfn.XLOOKUP(1, ('Drop off'!$A$6:$A$14 = $C48) * 1, _xlfn.XLOOKUP(1, ('Drop off'!$B$5:$I$5 = H$2) * ('Drop off'!$B$4:$I$4 = $S$2), 'Drop off'!$B$6:$I$14)) * $S$1, "-")} -> 37800 | I48: {=IFERROR(_xlfn.XLOOKUP(1, ('ж.д.'!$A$6:$A$14 = $D48) * 1, _xlfn.XLOOKUP(1, ('ж.д.'!$B$5:$M$5 = I$2) * ('ж.д.'!$B$4:$M$4 = $S$2), 'ж.д.'!$B$6:$M$14)), "-")} -> 134400 | J48: {=IFERROR(_xlfn.XLOOKUP(1, ('ж.д.'!$A$6:$A$14 = $D48) * 1, _xlfn.XLOOKUP(1, ('ж.д.'!$B$5:$M$5 = J$2) * ('ж.д.'!$B$4:$M$4 = $S$2), 'ж.д.'!$B$6:$M$14)), "-")} -> 149400 | K48: {=IFERROR(_xlfn.XLOOKUP(1, ('ж.д.'!$A$6:$A$14 = $D48) * 1, _xlfn.XLOOKUP(1, ('ж.д.'!$B$5:$M$5 = K$2) * ('ж.д.'!$B$4:$M$4 = $S$2), 'ж.д.'!$B$6:$M$14)), "-")} -> 235000 | L48: {=IF(ISNUMBER(SEARCH("Транс",$C48)),_xlfn.XLOOKUP(1,('Фрахт Транс'!$A$5:$A$10=$D48)*1,_xlfn.XLOOKUP(1,('Фрахт Транс'!$B$3:$M$3 = $S$2)*('Фрахт Транс'!$B$4:$M$4=L$2),'Фрахт Транс'!$B$5:$M$10)),SUM($E48, $G48, $I48, $O48))} -> 509494 | M48: {=IF(ISNUMBER(SEARCH("Транс",$C48)),_xlfn.XLOOKUP(1,('Фрахт Транс'!$A$5:$A$10=$D48)*1,_xlfn.XLOOKUP(1,('Фрахт Транс'!$B$3:$M$3=$S$2)*('Фрахт Транс'!$B$4:$M$4=M$2),'Фрахт Транс'!$B$5:$M$10)),SUM($E48, $G48, $J48, $O48))} -> 524494 | N48: {=IF(ISNUMBER(SEARCH("Транс",$C48)),_xlfn.XLOOKUP(1,('Фрахт Транс'!$A$5:$A$10=$D48)*1,_xlfn.XLOOKUP(1,('Фрахт Транс'!$B$3:$M$3=$S$2)*('Фрахт Транс'!$B$4:$M$4=N$2),'Фрахт Транс'!$B$5:$M$10)),SUM($F48, $H48, $K48, $P48))} -> 752101 | O48: {=IFERROR(_xlfn.XLOOKUP(1, (Охрана!$A$6:$A$14 = $D48) * 1, _xlfn.XLOOKUP(1, (Охрана!$B$5:$M$5 = O$2) * (Охрана!$B$4:$M$4 = $S$2), Охрана!$B$6:$M$14)), "-")} -> 3394 | P48: {=IFERROR(_xlfn.XLOOKUP(1, (Охрана!$A$6:$A$14 = $D48) * 1, _xlfn.XLOOKUP(1, (Охрана!$B$5:$M$5 = P$2) * (Охрана!$B$4:$M$4 = $S$2), Охрана!$B$6:$M$14)), "-")} -> 6801
A49: XIAMEN | C49: SINOKOR | D49: ВМТП | E49: {=IFERROR(_xlfn.XLOOKUP(1, (Фрахт!$A$5:$A$80 = $A49)* (Фрахт!$B$5:$B$80 = $C49) * (Фрахт!$C$5:$C$80 =$D49), _xlfn.XLOOKUP(1, (Фрахт!$D$4:$E$4 = E$2) * 1, Фрахт!$D$5:$E$80)) * $S$1, "-")} -> 315000 | F49: {=IFERROR(_xlfn.XLOOKUP(1, (Фрахт!$A$5:$A$80 = $A49)* (Фрахт!$B$5:$B$80 = $C49) * (Фрахт!$C$5:$C$80 =$D49), _xlfn.XLOOKUP(1, (Фрахт!$D$4:$E$4 = F$2) * 1, Фрахт!$D$5:$E$80)) * $S$1, "-")} -> 472500 | G49: {=IFERROR(_xlfn.XLOOKUP(1, ('Drop off'!$A$6:$A$14 = $C49) * 1, _xlfn.XLOOKUP(1, ('Drop off'!$B$5:$I$5 = G$2) * ('Drop off'!$B$4:$I$4 = $S$2), 'Drop off'!$B$6:$I$14)) * $S$1, "-")} -> 56700 | H49: {=IFERROR(_xlfn.XLOOKUP(1, ('Drop off'!$A$6:$A$14 = $C49) * 1, _xlfn.XLOOKUP(1, ('Drop off'!$B$5:$I$5 = H$2) * ('Drop off'!$B$4:$I$4 = $S$2), 'Drop off'!$B$6:$I$14)) * $S$1, "-")} -> 37800 | I49: {=IFERROR(_xlfn.XLOOKUP(1, ('ж.д.'!$A$6:$A$14 = $D49) * 1, _xlfn.XLOOKUP(1, ('ж.д.'!$B$5:$M$5 = I$2) * ('ж.д.'!$B$4:$M$4 = $S$2), 'ж.д.'!$B$6:$M$14)), "-")} -> 141000 | J49: {=IFERROR(_xlfn.XLOOKUP(1, ('ж.д.'!$A$6:$A$14 = $D49) * 1, _xlfn.XLOOKUP(1, ('ж.д.'!$B$5:$M$5 = J$2) * ('ж.д.'!$B$4:$M$4 = $S$2), 'ж.д.'!$B$6:$M$14)), "-")} -> 156600 | K49: {=IFERROR(_xlfn.XLOOKUP(1, ('ж.д.'!$A$6:$A$14 = $D49) * 1, _xlfn.XLOOKUP(1, ('ж.д.'!$B$5:$M$5 = K$2) * ('ж.д.'!$B$4:$M$4 = $S$2), 'ж.д.'!$B$6:$M$14)), "-")} -> 261000 | L49: {=IF(ISNUMBER(SEARCH("Транс",$C49)),_xlfn.XLOOKUP(1,('Фрахт Транс'!$A$5:$A$10=$D49)*1,_xlfn.XLOOKUP(1,('Фрахт Транс'!$B$3:$M$3 = $S$2)*('Фрахт Транс'!$B$4:$M$4=L$2),'Фрахт Транс'!$B$5:$M$10)),SUM($E49, $G49, $I49, $O49))} -> 516522 | M49: {=IF(ISNUMBER(SEARCH("Транс",$C49)),_xlfn.XLOOKUP(1,('Фрахт Транс'!$A$5:$A$10=$D49)*1,_xlfn.XLOOKUP(1,('Фрахт Транс'!$B$3:$M$3=$S$2)*('Фрахт Транс'!$B$4:$M$4=M$2),'Фрахт Транс'!$B$5:$M$10)),SUM($E49, $G49, $J49, $O49))} -> 532122 | N49: {=IF(ISNUMBER(SEARCH("Транс",$C49)),_xlfn.XLOOKUP(1,('Фрахт Транс'!$A$5:$A$10=$D49)*1,_xlfn.XLOOKUP(1,('Фрахт Транс'!$B$3:$M$3=$S$2)*('Фрахт Транс'!$B$4:$M$4=N$2),'Фрахт Транс'!$B$5:$M$10)),SUM($F49, $H49, $K49, $P49))} -> 778210 | O49: {=IFERROR(_xlfn.XLOOKUP(1, (Охрана!$A$6:$A$14 = $D49) * 1, _xlfn.XLOOKUP(1, (Охрана!$B$5:$M$5 = O$2) * (Охрана!$B$4:$M$4 = $S$2), Охрана!$B$6:$M$14)), "-")} -> 3822 | P49: {=IFERROR(_xlfn.XLOOKUP(1, (Охрана!$A$6:$A$14 = $D49) * 1, _xlfn.XLOOKUP(1, (Охрана!$B$5:$M$5 = P$2) * (Охрана!$B$4:$M$4 = $S$2), Охрана!$B$6:$M$14)), "-")} -> 6910
A50: XIAMEN | C50: SINOKOR | D50: ВМКТ | E50: {=IFERROR(_xlfn.XLOOKUP(1, (Фрахт!$A$5:$A$80 = $A50)* (Фрахт!$B$5:$B$80 = $C50) * (Фрахт!$C$5:$C$80 =$D50), _xlfn.XLOOKUP(1, (Фрахт!$D$4:$E$4 = E$2) * 1, Фрахт!$D$5:$E$80)) * $S$1, "-")} -> 315000 | F50: {=IFERROR(_xlfn.XLOOKUP(1, (Фрахт!$A$5:$A$80 = $A50)* (Фрахт!$B$5:$B$80 = $C50) * (Фрахт!$C$5:$C$80 =$D50), _xlfn.XLOOKUP(1, (Фрахт!$D$4:$E$4 = F$2) * 1, Фрахт!$D$5:$E$80)) * $S$1, "-")} -> 472500 | G50: {=IFERROR(_xlfn.XLOOKUP(1, ('Drop off'!$A$6:$A$14 = $C50) * 1, _xlfn.XLOOKUP(1, ('Drop off'!$B$5:$I$5 = G$2) * ('Drop off'!$B$4:$I$4 = $S$2), 'Drop off'!$B$6:$I$14)) * $S$1, "-")} -> 56700 | H50: {=IFERROR(_xlfn.XLOOKUP(1, ('Drop off'!$A$6:$A$14 = $C50) * 1, _xlfn.XLOOKUP(1, ('Drop off'!$B$5:$I$5 = H$2) * ('Drop off'!$B$4:$I$4 = $S$2), 'Drop off'!$B$6:$I$14)) * $S$1, "-")} -> 37800 | I50: {=IFERROR(_xlfn.XLOOKUP(1, ('ж.д.'!$A$6:$A$14 = $D50) * 1, _xlfn.XLOOKUP(1, ('ж.д.'!$B$5:$M$5 = I$2) * ('ж.д.'!$B$4:$M$4 = $S$2), 'ж.д.'!$B$6:$M$14)), "-")} -> 125000 | J50: {=IFERROR(_xlfn.XLOOKUP(1, ('ж.д.'!$A$6:$A$14 = $D50) * 1, _xlfn.XLOOKUP(1, ('ж.д.'!$B$5:$M$5 = J$2) * ('ж.д.'!$B$4:$M$4 = $S$2), 'ж.д.'!$B$6:$M$14)), "-")} -> 140000 | K50: {=IFERROR(_xlfn.XLOOKUP(1, ('ж.д.'!$A$6:$A$14 = $D50) * 1, _xlfn.XLOOKUP(1, ('ж.д.'!$B$5:$M$5 = K$2) * ('ж.д.'!$B$4:$M$4 = $S$2), 'ж.д.'!$B$6:$M$14)), "-")} -> 227000 | L50: {=IF(ISNUMBER(SEARCH("Транс",$C50)),_xlfn.XLOOKUP(1,('Фрахт Транс'!$A$5:$A$10=$D50)*1,_xlfn.XLOOKUP(1,('Фрахт Транс'!$B$3:$M$3 = $S$2)*('Фрахт Транс'!$B$4:$M$4=L$2),'Фрахт Транс'!$B$5:$M$10)),SUM($E50, $G50, $I50, $O50))} -> 500800 | M50: {=IF(ISNUMBER(SEARCH("Транс",$C50)),_xlfn.XLOOKUP(1,('Фрахт Транс'!$A$5:$A$10=$D50)*1,_xlfn.XLOOKUP(1,('Фрахт Транс'!$B$3:$M$3=$S$2)*('Фрахт Транс'!$B$4:$M$4=M$2),'Фрахт Транс'!$B$5:$M$10)),SUM($E50, $G50, $J50, $O50))} -> 515800 | N50: {=IF(ISNUMBER(SEARCH("Транс",$C50)),_xlfn.XLOOKUP(1,('Фрахт Транс'!$A$5:$A$10=$D50)*1,_xlfn.XLOOKUP(1,('Фрахт Транс'!$B$3:$M$3=$S$2)*('Фрахт Транс'!$B$4:$M$4=N$2),'Фрахт Транс'!$B$5:$M$10)),SUM($F50, $H50, $K50, $P50))} -> 745500 | O50: {=IFERROR(_xlfn.XLOOKUP(1, (Охрана!$A$6:$A$14 = $D50) * 1, _xlfn.XLOOKUP(1, (Охрана!$B$5:$M$5 = O$2) * (Охрана!$B$4:$M$4 = $S$2), Охрана!$B$6:$M$14)), "-")} -> 4100 | P50: {=IFERROR(_xlfn.XLOOKUP(1, (Охрана!$A$6:$A$14 = $D50) * 1, _xlfn.XLOOKUP(1, (Охрана!$B$5:$M$5 = P$2) * (Охрана!$B$4:$M$4 = $S$2), Охрана!$B$6:$M$14)), "-")} -> 8200
A51: XIAMEN | C51: HUAXIN | D51: СОЛЛЕРС | E51: {=IFERROR(_xlfn.XLOOKUP(1, (Фрахт!$A$5:$A$80 = $A51)* (Фрахт!$B$5:$B$80 = $C51) * (Фрахт!$C$5:$C$80 =$D51), _xlfn.XLOOKUP(1, (Фрахт!$D$4:$E$4 = E$2) * 1, Фрахт!$D$5:$E$80)) * $S$1, "-")} -> 266160 | F51: {=IFERROR(_xlfn.XLOOKUP(1, (Фрахт!$A$5:$A$80 = $A51)* (Фрахт!$B$5:$B$80 = $C51) * (Фрахт!$C$5:$C$80 =$D51), _xlfn.XLOOKUP(1, (Фрахт!$D$4:$E$4 = F$2) * 1, Фрахт!$D$5:$E$80)) * $S$1, "-")} -> 442320 | G51: {=IFERROR(_xlfn.XLOOKUP(1, ('Drop off'!$A$6:$A$14 = $C51) * 1, _xlfn.XLOOKUP(1, ('Drop off'!$B$5:$I$5 = G$2) * ('Drop off'!$B$4:$I$4 = $S$2), 'Drop off'!$B$6:$I$14)) * $S$1, "-")} -> 42000 | H51: {=IFERROR(_xlfn.XLOOKUP(1, ('Drop off'!$A$6:$A$14 = $C51) * 1, _xlfn.XLOOKUP(1, ('Drop off'!$B$5:$I$5 = H$2) * ('Drop off'!$B$4:$I$4 = $S$2), 'Drop off'!$B$6:$I$14)) * $S$1, "-")} -> 42000 | I51: {=IFERROR(_xlfn.XLOOKUP(1, ('ж.д.'!$A$6:$A$14 = $D51) * 1, _xlfn.XLOOKUP(1, ('ж.д.'!$B$5:$M$5 = I$2) * ('ж.д.'!$B$4:$M$4 = $S$2), 'ж.д.'!$B$6:$M$14)), "-")} -> 134400 | J51: {=IFERROR(_xlfn.XLOOKUP(1, ('ж.д.'!$A$6:$A$14 = $D51) * 1, _xlfn.XLOOKUP(1, ('ж.д.'!$B$5:$M$5 = J$2) * ('ж.д.'!$B$4:$M$4 = $S$2), 'ж.д.'!$B$6:$M$14)), "-")} -> 149400 | K51: {=IFERROR(_xlfn.XLOOKUP(1, ('ж.д.'!$A$6:$A$14 = $D51) * 1, _xlfn.XLOOKUP(1, ('ж.д.'!$B$5:$M$5 = K$2) * ('ж.д.'!$B$4:$M$4 = $S$2), 'ж.д.'!$B$6:$M$14)), "-")} -> 235000 | L51: {=IF(ISNUMBER(SEARCH("Транс",$C51)),_xlfn.XLOOKUP(1,('Фрахт Транс'!$A$5:$A$10=$D51)*1,_xlfn.XLOOKUP(1,('Фрахт Транс'!$B$3:$M$3 = $S$2)*('Фрахт Транс'!$B$4:$M$4=L$2),'Фрахт Транс'!$B$5:$M$10)),SUM($E51, $G51, $I51, $O51))} -> 445954 | M51: {=IF(ISNUMBER(SEARCH("Транс",$C51)),_xlfn.XLOOKUP(1,('Фрахт Транс'!$A$5:$A$10=$D51)*1,_xlfn.XLOOKUP(1,('Фрахт Транс'!$B$3:$M$3=$S$2)*('Фрахт Транс'!$B$4:$M$4=M$2),'Фрахт Транс'!$B$5:$M$10)),SUM($E51, $G51, $J51, $O51))} -> 460954 | N51: {=IF(ISNUMBER(SEARCH("Транс",$C51)),_xlfn.XLOOKUP(1,('Фрахт Транс'!$A$5:$A$10=$D51)*1,_xlfn.XLOOKUP(1,('Фрахт Транс'!$B$3:$M$3=$S$2)*('Фрахт Транс'!$B$4:$M$4=N$2),'Фрахт Транс'!$B$5:$M$10)),SUM($F51, $H51, $K51, $P51))} -> 726121 | O51: {=IFERROR(_xlfn.XLOOKUP(1, (Охрана!$A$6:$A$14 = $D51) * 1, _xlfn.XLOOKUP(1, (Охрана!$B$5:$M$5 = O$2) * (Охрана!$B$4:$M$4 = $S$2), Охрана!$B$6:$M$14)), "-")} -> 3394 | P51: {=IFERROR(_xlfn.XLOOKUP(1, (Охрана!$A$6:$A$14 = $D51) * 1, _xlfn.XLOOKUP(1, (Охрана!$B$5:$M$5 = P$2) * (Охрана!$B$4:$M$4 = $S$2), Охрана!$B$6:$M$14)), "-")} -> 6801
A52: XIAMEN | C52: ТоргМолл | D52: ВСК | E52: {=IFERROR(_xlfn.XLOOKUP(1, (Фрахт!$A$5:$A$80 = $A52)* (Фрахт!$B$5:$B$80 = $C52) * (Фрахт!$C$5:$C$80 =$D52), _xlfn.XLOOKUP(1, (Фрахт!$D$4:$E$4 = E$2) * 1, Фрахт!$D$5:$E$80)) * $S$1, "-")} -> - | F52: {=IFERROR(_xlfn.XLOOKUP(1, (Фрахт!$A$5:$A$80 = $A52)* (Фрахт!$B$5:$B$80 = $C52) * (Фрахт!$C$5:$C$80 =$D52), _xlfn.XLOOKUP(1, (Фрахт!$D$4:$E$4 = F$2) * 1, Фрахт!$D$5:$E$80)) * $S$1, "-")} -> - | G52: {=IFERROR(_xlfn.XLOOKUP(1, ('Drop off'!$A$6:$A$14 = $C52) * 1, _xlfn.XLOOKUP(1, ('Drop off'!$B$5:$I$5 = G$2) * ('Drop off'!$B$4:$I$4 = $S$2), 'Drop off'!$B$6:$I$14)) * $S$1, "-")} -> 0 | H52: {=IFERROR(_xlfn.XLOOKUP(1, ('Drop off'!$A$6:$A$14 = $C52) * 1, _xlfn.XLOOKUP(1, ('Drop off'!$B$5:$I$5 = H$2) * ('Drop off'!$B$4:$I$4 = $S$2), 'Drop off'!$B$6:$I$14)) * $S$1, "-")} -> 0 | I52: {=IFERROR(_xlfn.XLOOKUP(1, ('ж.д.'!$A$6:$A$14 = $D52) * 1, _xlfn.XLOOKUP(1, ('ж.д.'!$B$5:$M$5 = I$2) * ('ж.д.'!$B$4:$M$4 = $S$2), 'ж.д.'!$B$6:$M$14)), "-")} -> 122400 | J52: {=IFERROR(_xlfn.XLOOKUP(1, ('ж.д.'!$A$6:$A$14 = $D52) * 1, _xlfn.XLOOKUP(1, ('ж.д.'!$B$5:$M$5 = J$2) * ('ж.д.'!$B$4:$M$4 = $S$2), 'ж.д.'!$B$6:$M$14)), "-")} -> 139800 | K52: {=IFERROR(_xlfn.XLOOKUP(1, ('ж.д.'!$A$6:$A$14 = $D52) * 1, _xlfn.XLOOKUP(1, ('ж.д.'!$B$5:$M$5 = K$2) * ('ж.д.'!$B$4:$M$4 = $S$2), 'ж.д.'!$B$6:$M$14)), "-")} -> 224600 | L52: {=IF(ISNUMBER(SEARCH("Транс",$C52)),_xlfn.XLOOKUP(1,('Фрахт Транс'!$A$5:$A$10=$D52)*1,_xlfn.XLOOKUP(1,('Фрахт Транс'!$B$3:$M$3 = $S$2)*('Фрахт Транс'!$B$4:$M$4=L$2),'Фрахт Транс'!$B$5:$M$10)),SUM($E52, $G52, $I52, $O52))} -> 125794 | M52: {=IF(ISNUMBER(SEARCH("Транс",$C52)),_xlfn.XLOOKUP(1,('Фрахт Транс'!$A$5:$A$10=$D52)*1,_xlfn.XLOOKUP(1,('Фрахт Транс'!$B$3:$M$3=$S$2)*('Фрахт Транс'!$B$4:$M$4=M$2),'Фрахт Транс'!$B$5:$M$10)),SUM($E52, $G52, $J52, $O52))} -> 143194 | N52: {=IF(ISNUMBER(SEARCH("Транс",$C52)),_xlfn.XLOOKUP(1,('Фрахт Транс'!$A$5:$A$10=$D52)*1,_xlfn.XLOOKUP(1,('Фрахт Транс'!$B$3:$M$3=$S$2)*('Фрахт Транс'!$B$4:$M$4=N$2),'Фрахт Транс'!$B$5:$M$10)),SUM($F52, $H52, $K52, $P52))} -> 231401 | O52: {=IFERROR(_xlfn.XLOOKUP(1, (Охрана!$A$6:$A$14 = $D52) * 1, _xlfn.XLOOKUP(1, (Охрана!$B$5:$M$5 = O$2) * (Охрана!$B$4:$M$4 = $S$2), Охрана!$B$6:$M$14)), "-")} -> 3394 | P52: {=IFERROR(_xlfn.XLOOKUP(1, (Охрана!$A$6:$A$14 = $D52) * 1, _xlfn.XLOOKUP(1, (Охрана!$B$5:$M$5 = P$2) * (Охрана!$B$4:$M$4 = $S$2), Охрана!$B$6:$M$14)), "-")} -> 6801
A53: XINGANG | B53: XINGANG | C53: Трансконтейнер (Сквозной сервис) | D53: ВСК (ТК) Xingang | E53: {=IFERROR(_xlfn.XLOOKUP(1, (Фрахт!$A$5:$A$80 = $A53)* (Фрахт!$B$5:$B$80 = $C53) * (Фрахт!$C$5:$C$80 =$D53), _xlfn.XLOOKUP(1, (Фрахт!$D$4:$E$4 = E$2) * 1, Фрахт!$D$5:$E$80)) * $S$1, "-")} -> - | F53: {=IFERROR(_xlfn.XLOOKUP(1, (Фрахт!$A$5:$A$80 = $A53)* (Фрахт!$B$5:$B$80 = $C53) * (Фрахт!$C$5:$C$80 =$D53), _xlfn.XLOOKUP(1, (Фрахт!$D$4:$E$4 = F$2) * 1, Фрахт!$D$5:$E$80)) * $S$1, "-")} -> - | G53: {=IFERROR(_xlfn.XLOOKUP(1, ('Drop off'!$A$6:$A$14 = $C53) * 1, _xlfn.XLOOKUP(1, ('Drop off'!$B$5:$I$5 = G$2) * ('Drop off'!$B$4:$I$4 = $S$2), 'Drop off'!$B$6:$I$14)) * $S$1, "-")} -> 0 | H53: {=IFERROR(_xlfn.XLOOKUP(1, ('Drop off'!$A$6:$A$14 = $C53) * 1, _xlfn.XLOOKUP(1, ('Drop off'!$B$5:$I$5 = H$2) * ('Drop off'!$B$4:$I$4 = $S$2), 'Drop off'!$B$6:$I$14)) * $S$1, "-")} -> 0 | I53: {=IFERROR(_xlfn.XLOOKUP(1, ('ж.д.'!$A$6:$A$14 = $D53) * 1, _xlfn.XLOOKUP(1, ('ж.д.'!$B$5:$M$5 = I$2) * ('ж.д.'!$B$4:$M$4 = $S$2), 'ж.д.'!$B$6:$M$14)), "-")} -> - | J53: {=IFERROR(_xlfn.XLOOKUP(1, ('ж.д.'!$A$6:$A$14 = $D53) * 1, _xlfn.XLOOKUP(1, ('ж.д.'!$B$5:$M$5 = J$2) * ('ж.д.'!$B$4:$M$4 = $S$2), 'ж.д.'!$B$6:$M$14)), "-")} -> - | K53: {=IFERROR(_xlfn.XLOOKUP(1, ('ж.д.'!$A$6:$A$14 = $D53) * 1, _xlfn.XLOOKUP(1, ('ж.д.'!$B$5:$M$5 = K$2) * ('ж.д.'!$B$4:$M$4 = $S$2), 'ж.д.'!$B$6:$M$14)), "-")} -> - | L53: {=IF(ISNUMBER(SEARCH("Транс",$C53)),_xlfn.XLOOKUP(1,('Фрахт Транс'!$A$5:$A$10=$D53)*1,_xlfn.XLOOKUP(1,('Фрахт Транс'!$B$3:$M$3 = $S$2)*('Фрахт Транс'!$B$4:$M$4=L$2),'Фрахт Транс'!$B$5:$M$10)),SUM($E53, $G53, $I53, $O53))} -> 356456 | M53: {=IF(ISNUMBER(SEARCH("Транс",$C53)),_xlfn.XLOOKUP(1,('Фрахт Транс'!$A$5:$A$10=$D53)*1,_xlfn.XLOOKUP(1,('Фрахт Транс'!$B$3:$M$3=$S$2)*('Фрахт Транс'!$B$4:$M$4=M$2),'Фрахт Транс'!$B$5:$M$10)),SUM($E53, $G53, $J53, $O53))} -> 373994 | N53: {=IF(ISNUMBER(SEARCH("Транс",$C53)),_xlfn.XLOOKUP(1,('Фрахт Транс'!$A$5:$A$10=$D53)*1,_xlfn.XLOOKUP(1,('Фрахт Транс'!$B$3:$M$3=$S$2)*('Фрахт Транс'!$B$4:$M$4=N$2),'Фрахт Транс'!$B$5:$M$10)),SUM($F53, $H53, $K53, $P53))} -> 538268 | O53: {=IFERROR(_xlfn.XLOOKUP(1, (Охрана!$A$6:$A$14 = $D53) * 1, _xlfn.XLOOKUP(1, (Охрана!$B$5:$M$5 = O$2) * (Охрана!$B$4:$M$4 = $S$2), Охрана!$B$6:$M$14)), "-")} -> - | P53: {=IFERROR(_xlfn.XLOOKUP(1, (Охрана!$A$6:$A$14 = $D53) * 1, _xlfn.XLOOKUP(1, (Охрана!$B$5:$M$5 = P$2) * (Охрана!$B$4:$M$4 = $S$2), Охрана!$B$6:$M$14)), "-")} -> -
A54: XINGANG | C54: ФЕСКО | D54: ВМТП (Феско) | E54: {=IFERROR(_xlfn.XLOOKUP(1, (Фрахт!$A$5:$A$80 = $A54)* (Фрахт!$B$5:$B$80 = $C54) * (Фрахт!$C$5:$C$80 =$D54), _xlfn.XLOOKUP(1, (Фрахт!$D$4:$E$4 = E$2) * 1, Фрахт!$D$5:$E$80)) * $S$1, "-")} -> 330000 | F54: {=IFERROR(_xlfn.XLOOKUP(1, (Фрахт!$A$5:$A$80 = $A54)* (Фрахт!$B$5:$B$80 = $C54) * (Фрахт!$C$5:$C$80 =$D54), _xlfn.XLOOKUP(1, (Фрахт!$D$4:$E$4 = F$2) * 1, Фрахт!$D$5:$E$80)) * $S$1, "-")} -> 450000 | G54: {=IFERROR(_xlfn.XLOOKUP(1, ('Drop off'!$A$6:$A$14 = $C54) * 1, _xlfn.XLOOKUP(1, ('Drop off'!$B$5:$I$5 = G$2) * ('Drop off'!$B$4:$I$4 = $S$2), 'Drop off'!$B$6:$I$14)) * $S$1, "-")} -> 0 | H54: {=IFERROR(_xlfn.XLOOKUP(1, ('Drop off'!$A$6:$A$14 = $C54) * 1, _xlfn.XLOOKUP(1, ('Drop off'!$B$5:$I$5 = H$2) * ('Drop off'!$B$4:$I$4 = $S$2), 'Drop off'!$B$6:$I$14)) * $S$1, "-")} -> 0 | I54: {=IFERROR(_xlfn.XLOOKUP(1, ('ж.д.'!$A$6:$A$14 = $D54) * 1, _xlfn.XLOOKUP(1, ('ж.д.'!$B$5:$M$5 = I$2) * ('ж.д.'!$B$4:$M$4 = $S$2), 'ж.д.'!$B$6:$M$14)), "-")} -> 167600 | J54: {=IFERROR(_xlfn.XLOOKUP(1, ('ж.д.'!$A$6:$A$14 = $D54) * 1, _xlfn.XLOOKUP(1, ('ж.д.'!$B$5:$M$5 = J$2) * ('ж.д.'!$B$4:$M$4 = $S$2), 'ж.д.'!$B$6:$M$14)), "-")} -> 181540 | K54: {=IFERROR(_xlfn.XLOOKUP(1, ('ж.д.'!$A$6:$A$14 = $D54) * 1, _xlfn.XLOOKUP(1, ('ж.д.'!$B$5:$M$5 = K$2) * ('ж.д.'!$B$4:$M$4 = $S$2), 'ж.д.'!$B$6:$M$14)), "-")} -> 292000 | L54: {=IF(ISNUMBER(SEARCH("Транс",$C54)),_xlfn.XLOOKUP(1,('Фрахт Транс'!$A$5:$A$10=$D54)*1,_xlfn.XLOOKUP(1,('Фрахт Транс'!$B$3:$M$3 = $S$2)*('Фрахт Транс'!$B$4:$M$4=L$2),'Фрахт Транс'!$B$5:$M$10)),SUM($E54, $G54, $I54, $O54))} -> 501422 | M54: {=IF(ISNUMBER(SEARCH("Транс",$C54)),_xlfn.XLOOKUP(1,('Фрахт Транс'!$A$5:$A$10=$D54)*1,_xlfn.XLOOKUP(1,('Фрахт Транс'!$B$3:$M$3=$S$2)*('Фрахт Транс'!$B$4:$M$4=M$2),'Фрахт Транс'!$B$5:$M$10)),SUM($E54, $G54, $J54, $O54))} -> 515362 | N54: {=IF(ISNUMBER(SEARCH("Транс",$C54)),_xlfn.XLOOKUP(1,('Фрахт Транс'!$A$5:$A$10=$D54)*1,_xlfn.XLOOKUP(1,('Фрахт Транс'!$B$3:$M$3=$S$2)*('Фрахт Транс'!$B$4:$M$4=N$2),'Фрахт Транс'!$B$5:$M$10)),SUM($F54, $H54, $K54, $P54))} -> 748910 | O54: {=IFERROR(_xlfn.XLOOKUP(1, (Охрана!$A$6:$A$14 = $D54) * 1, _xlfn.XLOOKUP(1, (Охрана!$B$5:$M$5 = O$2) * (Охрана!$B$4:$M$4 = $S$2), Охрана!$B$6:$M$14)), "-")} -> 3822 | P54: {=IFERROR(_xlfn.XLOOKUP(1, (Охрана!$A$6:$A$14 = $D54) * 1, _xlfn.XLOOKUP(1, (Охрана!$B$5:$M$5 = P$2) * (Охрана!$B$4:$M$4 = $S$2), Охрана!$B$6:$M$14)), "-")} -> 6910
A55: XINGANG | C55: ФЕСКО | D55: ВМТП (Феско ост.) | E55: {=IFERROR(_xlfn.XLOOKUP(1, (Фрахт!$A$5:$A$80 = $A55)* (Фрахт!$B$5:$B$80 = $C55) * (Фрахт!$C$5:$C$80 =$D55), _xlfn.XLOOKUP(1, (Фрахт!$D$4:$E$4 = E$2) * 1, Фрахт!$D$5:$E$80)) * $S$1, "-")} -> 330000 | F55: {=IFERROR(_xlfn.XLOOKUP(1, (Фрахт!$A$5:$A$80 = $A55)* (Фрахт!$B$5:$B$80 = $C55) * (Фрахт!$C$5:$C$80 =$D55), _xlfn.XLOOKUP(1, (Фрахт!$D$4:$E$4 = F$2) * 1, Фрахт!$D$5:$E$80)) * $S$1, "-")} -> 450000 | G55: {=IFERROR(_xlfn.XLOOKUP(1, ('Drop off'!$A$6:$A$14 = $C55) * 1, _xlfn.XLOOKUP(1, ('Drop off'!$B$5:$I$5 = G$2) * ('Drop off'!$B$4:$I$4 = $S$2), 'Drop off'!$B$6:$I$14)) * $S$1, "-")} -> 0 | H55: {=IFERROR(_xlfn.XLOOKUP(1, ('Drop off'!$A$6:$A$14 = $C55) * 1, _xlfn.XLOOKUP(1, ('Drop off'!$B$5:$I$5 = H$2) * ('Drop off'!$B$4:$I$4 = $S$2), 'Drop off'!$B$6:$I$14)) * $S$1, "-")} -> 0 | I55: {=IFERROR(_xlfn.XLOOKUP(1, ('ж.д.'!$A$6:$A$14 = $D55) * 1, _xlfn.XLOOKUP(1, ('ж.д.'!$B$5:$M$5 = I$2) * ('ж.д.'!$B$4:$M$4 = $S$2), 'ж.д.'!$B$6:$M$14)), "-")} -> 173730 | J55: {=IFERROR(_xlfn.XLOOKUP(1, ('ж.д.'!$A$6:$A$14 = $D55) * 1, _xlfn.XLOOKUP(1, ('ж.д.'!$B$5:$M$5 = J$2) * ('ж.д.'!$B$4:$M$4 = $S$2), 'ж.д.'!$B$6:$M$14)), "-")} -> 191045 | K55: {=IFERROR(_xlfn.XLOOKUP(1, ('ж.д.'!$A$6:$A$14 = $D55) * 1, _xlfn.XLOOKUP(1, ('ж.д.'!$B$5:$M$5 = K$2) * ('ж.д.'!$B$4:$M$4 = $S$2), 'ж.д.'!$B$6:$M$14)), "-")} -> 303815 | L55: {=IF(ISNUMBER(SEARCH("Транс",$C55)),_xlfn.XLOOKUP(1,('Фрахт Транс'!$A$5:$A$10=$D55)*1,_xlfn.XLOOKUP(1,('Фрахт Транс'!$B$3:$M$3 = $S$2)*('Фрахт Транс'!$B$4:$M$4=L$2),'Фрахт Транс'!$B$5:$M$10)),SUM($E55, $G55, $I55, $O55))} -> 507552 | M55: {=IF(ISNUMBER(SEARCH("Транс",$C55)),_xlfn.XLOOKUP(1,('Фрахт Транс'!$A$5:$A$10=$D55)*1,_xlfn.XLOOKUP(1,('Фрахт Транс'!$B$3:$M$3=$S$2)*('Фрахт Транс'!$B$4:$M$4=M$2),'Фрахт Транс'!$B$5:$M$10)),SUM($E55, $G55, $J55, $O55))} -> 524867 | N55: {=IF(ISNUMBER(SEARCH("Транс",$C55)),_xlfn.XLOOKUP(1,('Фрахт Транс'!$A$5:$A$10=$D55)*1,_xlfn.XLOOKUP(1,('Фрахт Транс'!$B$3:$M$3=$S$2)*('Фрахт Транс'!$B$4:$M$4=N$2),'Фрахт Транс'!$B$5:$M$10)),SUM($F55, $H55, $K55, $P55))} -> 760725 | O55: {=IFERROR(_xlfn.XLOOKUP(1, (Охрана!$A$6:$A$14 = $D55) * 1, _xlfn.XLOOKUP(1, (Охрана!$B$5:$M$5 = O$2) * (Охрана!$B$4:$M$4 = $S$2), Охрана!$B$6:$M$14)), "-")} -> 3822 | P55: {=IFERROR(_xlfn.XLOOKUP(1, (Охрана!$A$6:$A$14 = $D55) * 1, _xlfn.XLOOKUP(1, (Охрана!$B$5:$M$5 = P$2) * (Охрана!$B$4:$M$4 = $S$2), Охрана!$B$6:$M$14)), "-")} -> 6910
A56: XINGANG | C56: SINOKOR | D56: ВСК | E56: {=IFERROR(_xlfn.XLOOKUP(1, (Фрахт!$A$5:$A$80 = $A56)* (Фрахт!$B$5:$B$80 = $C56) * (Фрахт!$C$5:$C$80 =$D56), _xlfn.XLOOKUP(1, (Фрахт!$D$4:$E$4 = E$2) * 1, Фрахт!$D$5:$E$80)) * $S$1, "-")} -> 283500 | F56: {=IFERROR(_xlfn.XLOOKUP(1, (Фрахт!$A$5:$A$80 = $A56)* (Фрахт!$B$5:$B$80 = $C56) * (Фрахт!$C$5:$C$80 =$D56), _xlfn.XLOOKUP(1, (Фрахт!$D$4:$E$4 = F$2) * 1, Фрахт!$D$5:$E$80)) * $S$1, "-")} -> 472500 | G56: {=IFERROR(_xlfn.XLOOKUP(1, ('Drop off'!$A$6:$A$14 = $C56) * 1, _xlfn.XLOOKUP(1, ('Drop off'!$B$5:$I$5 = G$2) * ('Drop off'!$B$4:$I$4 = $S$2), 'Drop off'!$B$6:$I$14)) * $S$1, "-")} -> 56700 | H56: {=IFERROR(_xlfn.XLOOKUP(1, ('Drop off'!$A$6:$A$14 = $C56) * 1, _xlfn.XLOOKUP(1, ('Drop off'!$B$5:$I$5 = H$2) * ('Drop off'!$B$4:$I$4 = $S$2), 'Drop off'!$B$6:$I$14)) * $S$1, "-")} -> 37800 | I56: {=IFERROR(_xlfn.XLOOKUP(1, ('ж.д.'!$A$6:$A$14 = $D56) * 1, _xlfn.XLOOKUP(1, ('ж.д.'!$B$5:$M$5 = I$2) * ('ж.д.'!$B$4:$M$4 = $S$2), 'ж.д.'!$B$6:$M$14)), "-")} -> 122400 | J56: {=IFERROR(_xlfn.XLOOKUP(1, ('ж.д.'!$A$6:$A$14 = $D56) * 1, _xlfn.XLOOKUP(1, ('ж.д.'!$B$5:$M$5 = J$2) * ('ж.д.'!$B$4:$M$4 = $S$2), 'ж.д.'!$B$6:$M$14)), "-")} -> 139800 | K56: {=IFERROR(_xlfn.XLOOKUP(1, ('ж.д.'!$A$6:$A$14 = $D56) * 1, _xlfn.XLOOKUP(1, ('ж.д.'!$B$5:$M$5 = K$2) * ('ж.д.'!$B$4:$M$4 = $S$2), 'ж.д.'!$B$6:$M$14)), "-")} -> 224600 | L56: {=IF(ISNUMBER(SEARCH("Транс",$C56)),_xlfn.XLOOKUP(1,('Фрахт Транс'!$A$5:$A$10=$D56)*1,_xlfn.XLOOKUP(1,('Фрахт Транс'!$B$3:$M$3 = $S$2)*('Фрахт Транс'!$B$4:$M$4=L$2),'Фрахт Транс'!$B$5:$M$10)),SUM($E56, $G56, $I56, $O56))} -> 465994 | M56: {=IF(ISNUMBER(SEARCH("Транс",$C56)),_xlfn.XLOOKUP(1,('Фрахт Транс'!$A$5:$A$10=$D56)*1,_xlfn.XLOOKUP(1,('Фрахт Транс'!$B$3:$M$3=$S$2)*('Фрахт Транс'!$B$4:$M$4=M$2),'Фрахт Транс'!$B$5:$M$10)),SUM($E56, $G56, $J56, $O56))} -> 483394 | N56: {=IF(ISNUMBER(SEARCH("Транс",$C56)),_xlfn.XLOOKUP(1,('Фрахт Транс'!$A$5:$A$10=$D56)*1,_xlfn.XLOOKUP(1,('Фрахт Транс'!$B$3:$M$3=$S$2)*('Фрахт Транс'!$B$4:$M$4=N$2),'Фрахт Транс'!$B$5:$M$10)),SUM($F56, $H56, $K56, $P56))} -> 741701 | O56: {=IFERROR(_xlfn.XLOOKUP(1, (Охрана!$A$6:$A$14 = $D56) * 1, _xlfn.XLOOKUP(1, (Охрана!$B$5:$M$5 = O$2) * (Охрана!$B$4:$M$4 = $S$2), Охрана!$B$6:$M$14)), "-")} -> 3394 | P56: {=IFERROR(_xlfn.XLOOKUP(1, (Охрана!$A$6:$A$14 = $D56) * 1, _xlfn.XLOOKUP(1, (Охрана!$B$5:$M$5 = P$2) * (Охрана!$B$4:$M$4 = $S$2), Охрана!$B$6:$M$14)), "-")} -> 6801
A57: XINGANG | C57: SINOKOR | D57: Соллерс | E57: {=IFERROR(_xlfn.XLOOKUP(1, (Фрахт!$A$5:$A$80 = $A57)* (Фрахт!$B$5:$B$80 = $C57) * (Фрахт!$C$5:$C$80 =$D57), _xlfn.XLOOKUP(1, (Фрахт!$D$4:$E$4 = E$2) * 1, Фрахт!$D$5:$E$80)) * $S$1, "-")} -> 283500 | F57: {=IFERROR(_xlfn.XLOOKUP(1, (Фрахт!$A$5:$A$80 = $A57)* (Фрахт!$B$5:$B$80 = $C57) * (Фрахт!$C$5:$C$80 =$D57), _xlfn.XLOOKUP(1, (Фрахт!$D$4:$E$4 = F$2) * 1, Фрахт!$D$5:$E$80)) * $S$1, "-")} -> 472500 | G57: {=IFERROR(_xlfn.XLOOKUP(1, ('Drop off'!$A$6:$A$14 = $C57) * 1, _xlfn.XLOOKUP(1, ('Drop off'!$B$5:$I$5 = G$2) * ('Drop off'!$B$4:$I$4 = $S$2), 'Drop off'!$B$6:$I$14)) * $S$1, "-")} -> 56700 | H57: {=IFERROR(_xlfn.XLOOKUP(1, ('Drop off'!$A$6:$A$14 = $C57) * 1, _xlfn.XLOOKUP(1, ('Drop off'!$B$5:$I$5 = H$2) * ('Drop off'!$B$4:$I$4 = $S$2), 'Drop off'!$B$6:$I$14)) * $S$1, "-")} -> 37800 | I57: {=IFERROR(_xlfn.XLOOKUP(1, ('ж.д.'!$A$6:$A$14 = $D57) * 1, _xlfn.XLOOKUP(1, ('ж.д.'!$B$5:$M$5 = I$2) * ('ж.д.'!$B$4:$M$4 = $S$2), 'ж.д.'!$B$6:$M$14)), "-")} -> 134400 | J57: {=IFERROR(_xlfn.XLOOKUP(1, ('ж.д.'!$A$6:$A$14 = $D57) * 1, _xlfn.XLOOKUP(1, ('ж.д.'!$B$5:$M$5 = J$2) * ('ж.д.'!$B$4:$M$4 = $S$2), 'ж.д.'!$B$6:$M$14)), "-")} -> 149400 | K57: {=IFERROR(_xlfn.XLOOKUP(1, ('ж.д.'!$A$6:$A$14 = $D57) * 1, _xlfn.XLOOKUP(1, ('ж.д.'!$B$5:$M$5 = K$2) * ('ж.д.'!$B$4:$M$4 = $S$2), 'ж.д.'!$B$6:$M$14)), "-")} -> 235000 | L57: {=IF(ISNUMBER(SEARCH("Транс",$C57)),_xlfn.XLOOKUP(1,('Фрахт Транс'!$A$5:$A$10=$D57)*1,_xlfn.XLOOKUP(1,('Фрахт Транс'!$B$3:$M$3 = $S$2)*('Фрахт Транс'!$B$4:$M$4=L$2),'Фрахт Транс'!$B$5:$M$10)),SUM($E57, $G57, $I57, $O57))} -> 477994 | M57: {=IF(ISNUMBER(SEARCH("Транс",$C57)),_xlfn.XLOOKUP(1,('Фрахт Транс'!$A$5:$A$10=$D57)*1,_xlfn.XLOOKUP(1,('Фрахт Транс'!$B$3:$M$3=$S$2)*('Фрахт Транс'!$B$4:$M$4=M$2),'Фрахт Транс'!$B$5:$M$10)),SUM($E57, $G57, $J57, $O57))} -> 492994 | N57: {=IF(ISNUMBER(SEARCH("Транс",$C57)),_xlfn.XLOOKUP(1,('Фрахт Транс'!$A$5:$A$10=$D57)*1,_xlfn.XLOOKUP(1,('Фрахт Транс'!$B$3:$M$3=$S$2)*('Фрахт Транс'!$B$4:$M$4=N$2),'Фрахт Транс'!$B$5:$M$10)),SUM($F57, $H57, $K57, $P57))} -> 752101 | O57: {=IFERROR(_xlfn.XLOOKUP(1, (Охрана!$A$6:$A$14 = $D57) * 1, _xlfn.XLOOKUP(1, (Охрана!$B$5:$M$5 = O$2) * (Охрана!$B$4:$M$4 = $S$2), Охрана!$B$6:$M$14)), "-")} -> 3394 | P57: {=IFERROR(_xlfn.XLOOKUP(1, (Охрана!$A$6:$A$14 = $D57) * 1, _xlfn.XLOOKUP(1, (Охрана!$B$5:$M$5 = P$2) * (Охрана!$B$4:$M$4 = $S$2), Охрана!$B$6:$M$14)), "-")} -> 6801
A58: XINGANG | C58: SINOKOR | D58: ВМТП | E58: {=IFERROR(_xlfn.XLOOKUP(1, (Фрахт!$A$5:$A$80 = $A58)* (Фрахт!$B$5:$B$80 = $C58) * (Фрахт!$C$5:$C$80 =$D58), _xlfn.XLOOKUP(1, (Фрахт!$D$4:$E$4 = E$2) * 1, Фрахт!$D$5:$E$80)) * $S$1, "-")} -> 283500 | F58: {=IFERROR(_xlfn.XLOOKUP(1, (Фрахт!$A$5:$A$80 = $A58)* (Фрахт!$B$5:$B$80 = $C58) * (Фрахт!$C$5:$C$80 =$D58), _xlfn.XLOOKUP(1, (Фрахт!$D$4:$E$4 = F$2) * 1, Фрахт!$D$5:$E$80)) * $S$1, "-")} -> 472500 | G58: {=IFERROR(_xlfn.XLOOKUP(1, ('Drop off'!$A$6:$A$14 = $C58) * 1, _xlfn.XLOOKUP(1, ('Drop off'!$B$5:$I$5 = G$2) * ('Drop off'!$B$4:$I$4 = $S$2), 'Drop off'!$B$6:$I$14)) * $S$1, "-")} -> 56700 | H58: {=IFERROR(_xlfn.XLOOKUP(1, ('Drop off'!$A$6:$A$14 = $C58) * 1, _xlfn.XLOOKUP(1, ('Drop off'!$B$5:$I$5 = H$2) * ('Drop off'!$B$4:$I$4 = $S$2), 'Drop off'!$B$6:$I$14)) * $S$1, "-")} -> 37800 | I58: {=IFERROR(_xlfn.XLOOKUP(1, ('ж.д.'!$A$6:$A$14 = $D58) * 1, _xlfn.XLOOKUP(1, ('ж.д.'!$B$5:$M$5 = I$2) * ('ж.д.'!$B$4:$M$4 = $S$2), 'ж.д.'!$B$6:$M$14)), "-")} -> 141000 | J58: {=IFERROR(_xlfn.XLOOKUP(1, ('ж.д.'!$A$6:$A$14 = $D58) * 1, _xlfn.XLOOKUP(1, ('ж.д.'!$B$5:$M$5 = J$2) * ('ж.д.'!$B$4:$M$4 = $S$2), 'ж.д.'!$B$6:$M$14)), "-")} -> 156600 | K58: {=IFERROR(_xlfn.XLOOKUP(1, ('ж.д.'!$A$6:$A$14 = $D58) * 1, _xlfn.XLOOKUP(1, ('ж.д.'!$B$5:$M$5 = K$2) * ('ж.д.'!$B$4:$M$4 = $S$2), 'ж.д.'!$B$6:$M$14)), "-")} -> 261000 | L58: {=IF(ISNUMBER(SEARCH("Транс",$C58)),_xlfn.XLOOKUP(1,('Фрахт Транс'!$A$5:$A$10=$D58)*1,_xlfn.XLOOKUP(1,('Фрахт Транс'!$B$3:$M$3 = $S$2)*('Фрахт Транс'!$B$4:$M$4=L$2),'Фрахт Транс'!$B$5:$M$10)),SUM($E58, $G58, $I58, $O58))} -> 485022 | M58: {=IF(ISNUMBER(SEARCH("Транс",$C58)),_xlfn.XLOOKUP(1,('Фрахт Транс'!$A$5:$A$10=$D58)*1,_xlfn.XLOOKUP(1,('Фрахт Транс'!$B$3:$M$3=$S$2)*('Фрахт Транс'!$B$4:$M$4=M$2),'Фрахт Транс'!$B$5:$M$10)),SUM($E58, $G58, $J58, $O58))} -> 500622 | N58: {=IF(ISNUMBER(SEARCH("Транс",$C58)),_xlfn.XLOOKUP(1,('Фрахт Транс'!$A$5:$A$10=$D58)*1,_xlfn.XLOOKUP(1,('Фрахт Транс'!$B$3:$M$3=$S$2)*('Фрахт Транс'!$B$4:$M$4=N$2),'Фрахт Транс'!$B$5:$M$10)),SUM($F58, $H58, $K58, $P58))} -> 778210 | O58: {=IFERROR(_xlfn.XLOOKUP(1, (Охрана!$A$6:$A$14 = $D58) * 1, _xlfn.XLOOKUP(1, (Охрана!$B$5:$M$5 = O$2) * (Охрана!$B$4:$M$4 = $S$2), Охрана!$B$6:$M$14)), "-")} -> 3822 | P58: {=IFERROR(_xlfn.XLOOKUP(1, (Охрана!$A$6:$A$14 = $D58) * 1, _xlfn.XLOOKUP(1, (Охрана!$B$5:$M$5 = P$2) * (Охрана!$B$4:$M$4 = $S$2), Охрана!$B$6:$M$14)), "-")} -> 6910
A59: XINGANG | C59: SINOKOR | D59: ВМКТ | E59: {=IFERROR(_xlfn.XLOOKUP(1, (Фрахт!$A$5:$A$80 = $A59)* (Фрахт!$B$5:$B$80 = $C59) * (Фрахт!$C$5:$C$80 =$D59), _xlfn.XLOOKUP(1, (Фрахт!$D$4:$E$4 = E$2) * 1, Фрахт!$D$5:$E$80)) * $S$1, "-")} -> 283500 | F59: {=IFERROR(_xlfn.XLOOKUP(1, (Фрахт!$A$5:$A$80 = $A59)* (Фрахт!$B$5:$B$80 = $C59) * (Фрахт!$C$5:$C$80 =$D59), _xlfn.XLOOKUP(1, (Фрахт!$D$4:$E$4 = F$2) * 1, Фрахт!$D$5:$E$80)) * $S$1, "-")} -> 472500 | G59: {=IFERROR(_xlfn.XLOOKUP(1, ('Drop off'!$A$6:$A$14 = $C59) * 1, _xlfn.XLOOKUP(1, ('Drop off'!$B$5:$I$5 = G$2) * ('Drop off'!$B$4:$I$4 = $S$2), 'Drop off'!$B$6:$I$14)) * $S$1, "-")} -> 56700 | H59: {=IFERROR(_xlfn.XLOOKUP(1, ('Drop off'!$A$6:$A$14 = $C59) * 1, _xlfn.XLOOKUP(1, ('Drop off'!$B$5:$I$5 = H$2) * ('Drop off'!$B$4:$I$4 = $S$2), 'Drop off'!$B$6:$I$14)) * $S$1, "-")} -> 37800 | I59: {=IFERROR(_xlfn.XLOOKUP(1, ('ж.д.'!$A$6:$A$14 = $D59) * 1, _xlfn.XLOOKUP(1, ('ж.д.'!$B$5:$M$5 = I$2) * ('ж.д.'!$B$4:$M$4 = $S$2), 'ж.д.'!$B$6:$M$14)), "-")} -> 125000 | J59: {=IFERROR(_xlfn.XLOOKUP(1, ('ж.д.'!$A$6:$A$14 = $D59) * 1, _xlfn.XLOOKUP(1, ('ж.д.'!$B$5:$M$5 = J$2) * ('ж.д.'!$B$4:$M$4 = $S$2), 'ж.д.'!$B$6:$M$14)), "-")} -> 140000 | K59: {=IFERROR(_xlfn.XLOOKUP(1, ('ж.д.'!$A$6:$A$14 = $D59) * 1, _xlfn.XLOOKUP(1, ('ж.д.'!$B$5:$M$5 = K$2) * ('ж.д.'!$B$4:$M$4 = $S$2), 'ж.д.'!$B$6:$M$14)), "-")} -> 227000 | L59: {=IF(ISNUMBER(SEARCH("Транс",$C59)),_xlfn.XLOOKUP(1,('Фрахт Транс'!$A$5:$A$10=$D59)*1,_xlfn.XLOOKUP(1,('Фрахт Транс'!$B$3:$M$3 = $S$2)*('Фрахт Транс'!$B$4:$M$4=L$2),'Фрахт Транс'!$B$5:$M$10)),SUM($E59, $G59, $I59, $O59))} -> 469300 | M59: {=IF(ISNUMBER(SEARCH("Транс",$C59)),_xlfn.XLOOKUP(1,('Фрахт Транс'!$A$5:$A$10=$D59)*1,_xlfn.XLOOKUP(1,('Фрахт Транс'!$B$3:$M$3=$S$2)*('Фрахт Транс'!$B$4:$M$4=M$2),'Фрахт Транс'!$B$5:$M$10)),SUM($E59, $G59, $J59, $O59))} -> 484300 | N59: {=IF(ISNUMBER(SEARCH("Транс",$C59)),_xlfn.XLOOKUP(1,('Фрахт Транс'!$A$5:$A$10=$D59)*1,_xlfn.XLOOKUP(1,('Фрахт Транс'!$B$3:$M$3=$S$2)*('Фрахт Транс'!$B$4:$M$4=N$2),'Фрахт Транс'!$B$5:$M$10)),SUM($F59, $H59, $K59, $P59))} -> 745500 | O59: {=IFERROR(_xlfn.XLOOKUP(1, (Охрана!$A$6:$A$14 = $D59) * 1, _xlfn.XLOOKUP(1, (Охрана!$B$5:$M$5 = O$2) * (Охрана!$B$4:$M$4 = $S$2), Охрана!$B$6:$M$14)), "-")} -> 4100 | P59: {=IFERROR(_xlfn.XLOOKUP(1, (Охрана!$A$6:$A$14 = $D59) * 1, _xlfn.XLOOKUP(1, (Охрана!$B$5:$M$5 = P$2) * (Охрана!$B$4:$M$4 = $S$2), Охрана!$B$6:$M$14)), "-")} -> 8200
A60: XINGANG | C60: HUAXIN | D60: СОЛЛЕРС | E60: {=IFERROR(_xlfn.XLOOKUP(1, (Фрахт!$A$5:$A$80 = $A60)* (Фрахт!$B$5:$B$80 = $C60) * (Фрахт!$C$5:$C$80 =$D60), _xlfn.XLOOKUP(1, (Фрахт!$D$4:$E$4 = E$2) * 1, Фрахт!$D$5:$E$80)) * $S$1, "-")} -> 275160 | F60: {=IFERROR(_xlfn.XLOOKUP(1, (Фрахт!$A$5:$A$80 = $A60)* (Фрахт!$B$5:$B$80 = $C60) * (Фрахт!$C$5:$C$80 =$D60), _xlfn.XLOOKUP(1, (Фрахт!$D$4:$E$4 = F$2) * 1, Фрахт!$D$5:$E$80)) * $S$1, "-")} -> 454320 | G60: {=IFERROR(_xlfn.XLOOKUP(1, ('Drop off'!$A$6:$A$14 = $C60) * 1, _xlfn.XLOOKUP(1, ('Drop off'!$B$5:$I$5 = G$2) * ('Drop off'!$B$4:$I$4 = $S$2), 'Drop off'!$B$6:$I$14)) * $S$1, "-")} -> 42000 | H60: {=IFERROR(_xlfn.XLOOKUP(1, ('Drop off'!$A$6:$A$14 = $C60) * 1, _xlfn.XLOOKUP(1, ('Drop off'!$B$5:$I$5 = H$2) * ('Drop off'!$B$4:$I$4 = $S$2), 'Drop off'!$B$6:$I$14)) * $S$1, "-")} -> 42000 | I60: {=IFERROR(_xlfn.XLOOKUP(1, ('ж.д.'!$A$6:$A$14 = $D60) * 1, _xlfn.XLOOKUP(1, ('ж.д.'!$B$5:$M$5 = I$2) * ('ж.д.'!$B$4:$M$4 = $S$2), 'ж.д.'!$B$6:$M$14)), "-")} -> 134400 | J60: {=IFERROR(_xlfn.XLOOKUP(1, ('ж.д.'!$A$6:$A$14 = $D60) * 1, _xlfn.XLOOKUP(1, ('ж.д.'!$B$5:$M$5 = J$2) * ('ж.д.'!$B$4:$M$4 = $S$2), 'ж.д.'!$B$6:$M$14)), "-")} -> 149400 | K60: {=IFERROR(_xlfn.XLOOKUP(1, ('ж.д.'!$A$6:$A$14 = $D60) * 1, _xlfn.XLOOKUP(1, ('ж.д.'!$B$5:$M$5 = K$2) * ('ж.д.'!$B$4:$M$4 = $S$2), 'ж.д.'!$B$6:$M$14)), "-")} -> 235000 | L60: {=IF(ISNUMBER(SEARCH("Транс",$C60)),_xlfn.XLOOKUP(1,('Фрахт Транс'!$A$5:$A$10=$D60)*1,_xlfn.XLOOKUP(1,('Фрахт Транс'!$B$3:$M$3 = $S$2)*('Фрахт Транс'!$B$4:$M$4=L$2),'Фрахт Транс'!$B$5:$M$10)),SUM($E60, $G60, $I60, $O60))} -> 454954 | M60: {=IF(ISNUMBER(SEARCH("Транс",$C60)),_xlfn.XLOOKUP(1,('Фрахт Транс'!$A$5:$A$10=$D60)*1,_xlfn.XLOOKUP(1,('Фрахт Транс'!$B$3:$M$3=$S$2)*('Фрахт Транс'!$B$4:$M$4=M$2),'Фрахт Транс'!$B$5:$M$10)),SUM($E60, $G60, $J60, $O60))} -> 469954 | N60: {=IF(ISNUMBER(SEARCH("Транс",$C60)),_xlfn.XLOOKUP(1,('Фрахт Транс'!$A$5:$A$10=$D60)*1,_xlfn.XLOOKUP(1,('Фрахт Транс'!$B$3:$M$3=$S$2)*('Фрахт Транс'!$B$4:$M$4=N$2),'Фрахт Транс'!$B$5:$M$10)),SUM($F60, $H60, $K60, $P60))} -> 738121 | O60: {=IFERROR(_xlfn.XLOOKUP(1, (Охрана!$A$6:$A$14 = $D60) * 1, _xlfn.XLOOKUP(1, (Охрана!$B$5:$M$5 = O$2) * (Охрана!$B$4:$M$4 = $S$2), Охрана!$B$6:$M$14)), "-")} -> 3394 | P60: {=IFERROR(_xlfn.XLOOKUP(1, (Охрана!$A$6:$A$14 = $D60) * 1, _xlfn.XLOOKUP(1, (Охрана!$B$5:$M$5 = P$2) * (Охрана!$B$4:$M$4 = $S$2), Охрана!$B$6:$M$14)), "-")} -> 6801
A61: XINGANG | C61: SWIFT | D61: ВСК | E61: {=IFERROR(_xlfn.XLOOKUP(1, (Фрахт!$A$5:$A$80 = $A61)* (Фрахт!$B$5:$B$80 = $C61) * (Фрахт!$C$5:$C$80 =$D61), _xlfn.XLOOKUP(1, (Фрахт!$D$4:$E$4 = E$2) * 1, Фрахт!$D$5:$E$80)) * $S$1, "-")} -> - | F61: {=IFERROR(_xlfn.XLOOKUP(1, (Фрахт!$A$5:$A$80 = $A61)* (Фрахт!$B$5:$B$80 = $C61) * (Фрахт!$C$5:$C$80 =$D61), _xlfn.XLOOKUP(1, (Фрахт!$D$4:$E$4 = F$2) * 1, Фрахт!$D$5:$E$80)) * $S$1, "-")} -> - | G61: {=IFERROR(_xlfn.XLOOKUP(1, ('Drop off'!$A$6:$A$14 = $C61) * 1, _xlfn.XLOOKUP(1, ('Drop off'!$B$5:$I$5 = G$2) * ('Drop off'!$B$4:$I$4 = $S$2), 'Drop off'!$B$6:$I$14)) * $S$1, "-")} -> - | H61: {=IFERROR(_xlfn.XLOOKUP(1, ('Drop off'!$A$6:$A$14 = $C61) * 1, _xlfn.XLOOKUP(1, ('Drop off'!$B$5:$I$5 = H$2) * ('Drop off'!$B$4:$I$4 = $S$2), 'Drop off'!$B$6:$I$14)) * $S$1, "-")} -> - | I61: {=IFERROR(_xlfn.XLOOKUP(1, ('ж.д.'!$A$6:$A$14 = $D61) * 1, _xlfn.XLOOKUP(1, ('ж.д.'!$B$5:$M$5 = I$2) * ('ж.д.'!$B$4:$M$4 = $S$2), 'ж.д.'!$B$6:$M$14)), "-")} -> 122400 | J61: {=IFERROR(_xlfn.XLOOKUP(1, ('ж.д.'!$A$6:$A$14 = $D61) * 1, _xlfn.XLOOKUP(1, ('ж.д.'!$B$5:$M$5 = J$2) * ('ж.д.'!$B$4:$M$4 = $S$2), 'ж.д.'!$B$6:$M$14)), "-")} -> 139800 | K61: {=IFERROR(_xlfn.XLOOKUP(1, ('ж.д.'!$A$6:$A$14 = $D61) * 1, _xlfn.XLOOKUP(1, ('ж.д.'!$B$5:$M$5 = K$2) * ('ж.д.'!$B$4:$M$4 = $S$2), 'ж.д.'!$B$6:$M$14)), "-")} -> 224600 | L61: {=IF(ISNUMBER(SEARCH("Транс",$C61)),_xlfn.XLOOKUP(1,('Фрахт Транс'!$A$5:$A$10=$D61)*1,_xlfn.XLOOKUP(1,('Фрахт Транс'!$B$3:$M$3 = $S$2)*('Фрахт Транс'!$B$4:$M$4=L$2),'Фрахт Транс'!$B$5:$M$10)),SUM($E61, $G61, $I61, $O61))} -> 125794 | M61: {=IF(ISNUMBER(SEARCH("Транс",$C61)),_xlfn.XLOOKUP(1,('Фрахт Транс'!$A$5:$A$10=$D61)*1,_xlfn.XLOOKUP(1,('Фрахт Транс'!$B$3:$M$3=$S$2)*('Фрахт Транс'!$B$4:$M$4=M$2),'Фрахт Транс'!$B$5:$M$10)),SUM($E61, $G61, $J61, $O61))} -> 143194 | N61: {=IF(ISNUMBER(SEARCH("Транс",$C61)),_xlfn.XLOOKUP(1,('Фрахт Транс'!$A$5:$A$10=$D61)*1,_xlfn.XLOOKUP(1,('Фрахт Транс'!$B$3:$M$3=$S$2)*('Фрахт Транс'!$B$4:$M$4=N$2),'Фрахт Транс'!$B$5:$M$10)),SUM($F61, $H61, $K61, $P61))} -> 231401 | O61: {=IFERROR(_xlfn.XLOOKUP(1, (Охрана!$A$6:$A$14 = $D61) * 1, _xlfn.XLOOKUP(1, (Охрана!$B$5:$M$5 = O$2) * (Охрана!$B$4:$M$4 = $S$2), Охрана!$B$6:$M$14)), "-")} -> 3394 | P61: {=IFERROR(_xlfn.XLOOKUP(1, (Охрана!$A$6:$A$14 = $D61) * 1, _xlfn.XLOOKUP(1, (Охрана!$B$5:$M$5 = P$2) * (Охрана!$B$4:$M$4 = $S$2), Охрана!$B$6:$M$14)), "-")} -> 6801
A62: XINGANG | C62: ТоргМолл | D62: ВСК | E62: {=IFERROR(_xlfn.XLOOKUP(1, (Фрахт!$A$5:$A$80 = $A62)* (Фрахт!$B$5:$B$80 = $C62) * (Фрахт!$C$5:$C$80 =$D62), _xlfn.XLOOKUP(1, (Фрахт!$D$4:$E$4 = E$2) * 1, Фрахт!$D$5:$E$80)) * $S$1, "-")} -> 216000 | F62: {=IFERROR(_xlfn.XLOOKUP(1, (Фрахт!$A$5:$A$80 = $A62)* (Фрахт!$B$5:$B$80 = $C62) * (Фрахт!$C$5:$C$80 =$D62), _xlfn.XLOOKUP(1, (Фрахт!$D$4:$E$4 = F$2) * 1, Фрахт!$D$5:$E$80)) * $S$1, "-")} -> 360000 | G62: {=IFERROR(_xlfn.XLOOKUP(1, ('Drop off'!$A$6:$A$14 = $C62) * 1, _xlfn.XLOOKUP(1, ('Drop off'!$B$5:$I$5 = G$2) * ('Drop off'!$B$4:$I$4 = $S$2), 'Drop off'!$B$6:$I$14)) * $S$1, "-")} -> 0 | H62: {=IFERROR(_xlfn.XLOOKUP(1, ('Drop off'!$A$6:$A$14 = $C62) * 1, _xlfn.XLOOKUP(1, ('Drop off'!$B$5:$I$5 = H$2) * ('Drop off'!$B$4:$I$4 = $S$2), 'Drop off'!$B$6:$I$14)) * $S$1, "-")} -> 0 | I62: {=IFERROR(_xlfn.XLOOKUP(1, ('ж.д.'!$A$6:$A$14 = $D62) * 1, _xlfn.XLOOKUP(1, ('ж.д.'!$B$5:$M$5 = I$2) * ('ж.д.'!$B$4:$M$4 = $S$2), 'ж.д.'!$B$6:$M$14)), "-")} -> 122400 | J62: {=IFERROR(_xlfn.XLOOKUP(1, ('ж.д.'!$A$6:$A$14 = $D62) * 1, _xlfn.XLOOKUP(1, ('ж.д.'!$B$5:$M$5 = J$2) * ('ж.д.'!$B$4:$M$4 = $S$2), 'ж.д.'!$B$6:$M$14)), "-")} -> 139800 | K62: {=IFERROR(_xlfn.XLOOKUP(1, ('ж.д.'!$A$6:$A$14 = $D62) * 1, _xlfn.XLOOKUP(1, ('ж.д.'!$B$5:$M$5 = K$2) * ('ж.д.'!$B$4:$M$4 = $S$2), 'ж.д.'!$B$6:$M$14)), "-")} -> 224600 | L62: {=IF(ISNUMBER(SEARCH("Транс",$C62)),_xlfn.XLOOKUP(1,('Фрахт Транс'!$A$5:$A$10=$D62)*1,_xlfn.XLOOKUP(1,('Фрахт Транс'!$B$3:$M$3 = $S$2)*('Фрахт Транс'!$B$4:$M$4=L$2),'Фрахт Транс'!$B$5:$M$10)),SUM($E62, $G62, $I62, $O62))} -> 341794 | M62: {=IF(ISNUMBER(SEARCH("Транс",$C62)),_xlfn.XLOOKUP(1,('Фрахт Транс'!$A$5:$A$10=$D62)*1,_xlfn.XLOOKUP(1,('Фрахт Транс'!$B$3:$M$3=$S$2)*('Фрахт Транс'!$B$4:$M$4=M$2),'Фрахт Транс'!$B$5:$M$10)),SUM($E62, $G62, $J62, $O62))} -> 359194 | N62: {=IF(ISNUMBER(SEARCH("Транс",$C62)),_xlfn.XLOOKUP(1,('Фрахт Транс'!$A$5:$A$10=$D62)*1,_xlfn.XLOOKUP(1,('Фрахт Транс'!$B$3:$M$3=$S$2)*('Фрахт Транс'!$B$4:$M$4=N$2),'Фрахт Транс'!$B$5:$M$10)),SUM($F62, $H62, $K62, $P62))} -> 591401 | O62: {=IFERROR(_xlfn.XLOOKUP(1, (Охрана!$A$6:$A$14 = $D62) * 1, _xlfn.XLOOKUP(1, (Охрана!$B$5:$M$5 = O$2) * (Охрана!$B$4:$M$4 = $S$2), Охрана!$B$6:$M$14)), "-")} -> 3394 | P62: {=IFERROR(_xlfn.XLOOKUP(1, (Охрана!$A$6:$A$14 = $D62) * 1, _xlfn.XLOOKUP(1, (Охрана!$B$5:$M$5 = P$2) * (Охрана!$B$4:$M$4 = $S$2), Охрана!$B$6:$M$14)), "-")} -> 6801
A63: YANTIAN | B63: YANTIAN | C63: Трансконтейнер (Сквозной сервис) | D63: ВСК (ТК) Yantian | E63: {=IFERROR(_xlfn.XLOOKUP(1, (Фрахт!$A$5:$A$80 = $A63)* (Фрахт!$B$5:$B$80 = $C63) * (Фрахт!$C$5:$C$80 =$D63), _xlfn.XLOOKUP(1, (Фрахт!$D$4:$E$4 = E$2) * 1, Фрахт!$D$5:$E$80)) * $S$1, "-")} -> - | F63: {=IFERROR(_xlfn.XLOOKUP(1, (Фрахт!$A$5:$A$80 = $A63)* (Фрахт!$B$5:$B$80 = $C63) * (Фрахт!$C$5:$C$80 =$D63), _xlfn.XLOOKUP(1, (Фрахт!$D$4:$E$4 = F$2) * 1, Фрахт!$D$5:$E$80)) * $S$1, "-")} -> - | G63: {=IFERROR(_xlfn.XLOOKUP(1, ('Drop off'!$A$6:$A$14 = $C63) * 1, _xlfn.XLOOKUP(1, ('Drop off'!$B$5:$I$5 = G$2) * ('Drop off'!$B$4:$I$4 = $S$2), 'Drop off'!$B$6:$I$14)) * $S$1, "-")} -> 0 | H63: {=IFERROR(_xlfn.XLOOKUP(1, ('Drop off'!$A$6:$A$14 = $C63) * 1, _xlfn.XLOOKUP(1, ('Drop off'!$B$5:$I$5 = H$2) * ('Drop off'!$B$4:$I$4 = $S$2), 'Drop off'!$B$6:$I$14)) * $S$1, "-")} -> 0 | I63: {=IFERROR(_xlfn.XLOOKUP(1, ('ж.д.'!$A$6:$A$14 = $D63) * 1, _xlfn.XLOOKUP(1, ('ж.д.'!$B$5:$M$5 = I$2) * ('ж.д.'!$B$4:$M$4 = $S$2), 'ж.д.'!$B$6:$M$14)), "-")} -> - | J63: {=IFERROR(_xlfn.XLOOKUP(1, ('ж.д.'!$A$6:$A$14 = $D63) * 1, _xlfn.XLOOKUP(1, ('ж.д.'!$B$5:$M$5 = J$2) * ('ж.д.'!$B$4:$M$4 = $S$2), 'ж.д.'!$B$6:$M$14)), "-")} -> - | K63: {=IFERROR(_xlfn.XLOOKUP(1, ('ж.д.'!$A$6:$A$14 = $D63) * 1, _xlfn.XLOOKUP(1, ('ж.д.'!$B$5:$M$5 = K$2) * ('ж.д.'!$B$4:$M$4 = $S$2), 'ж.д.'!$B$6:$M$14)), "-")} -> - | L63: {=IF(ISNUMBER(SEARCH("Транс",$C63)),_xlfn.XLOOKUP(1,('Фрахт Транс'!$A$5:$A$10=$D63)*1,_xlfn.XLOOKUP(1,('Фрахт Транс'!$B$3:$M$3 = $S$2)*('Фрахт Транс'!$B$4:$M$4=L$2),'Фрахт Транс'!$B$5:$M$10)),SUM($E63, $G63, $I63, $O63))} -> 399156 | M63: {=IF(ISNUMBER(SEARCH("Транс",$C63)),_xlfn.XLOOKUP(1,('Фрахт Транс'!$A$5:$A$10=$D63)*1,_xlfn.XLOOKUP(1,('Фрахт Транс'!$B$3:$M$3=$S$2)*('Фрахт Транс'!$B$4:$M$4=M$2),'Фрахт Транс'!$B$5:$M$10)),SUM($E63, $G63, $J63, $O63))} -> 416694 | N63: {=IF(ISNUMBER(SEARCH("Транс",$C63)),_xlfn.XLOOKUP(1,('Фрахт Транс'!$A$5:$A$10=$D63)*1,_xlfn.XLOOKUP(1,('Фрахт Транс'!$B$3:$M$3=$S$2)*('Фрахт Транс'!$B$4:$M$4=N$2),'Фрахт Транс'!$B$5:$M$10)),SUM($F63, $H63, $K63, $P63))} -> 587068 | O63: {=IFERROR(_xlfn.XLOOKUP(1, (Охрана!$A$6:$A$14 = $D63) * 1, _xlfn.XLOOKUP(1, (Охрана!$B$5:$M$5 = O$2) * (Охрана!$B$4:$M$4 = $S$2), Охрана!$B$6:$M$14)), "-")} -> - | P63: {=IFERROR(_xlfn.XLOOKUP(1, (Охрана!$A$6:$A$14 = $D63) * 1, _xlfn.XLOOKUP(1, (Охрана!$B$5:$M$5 = P$2) * (Охрана!$B$4:$M$4 = $S$2), Охрана!$B$6:$M$14)), "-")} -> -
A64: YANTIAN | C64: ФЕСКО | D64: ВМТП (Феско) | E64: {=IFERROR(_xlfn.XLOOKUP(1, (Фрахт!$A$5:$A$80 = $A64)* (Фрахт!$B$5:$B$80 = $C64) * (Фрахт!$C$5:$C$80 =$D64), _xlfn.XLOOKUP(1, (Фрахт!$D$4:$E$4 = E$2) * 1, Фрахт!$D$5:$E$80)) * $S$1, "-")} -> 330000 | F64: {=IFERROR(_xlfn.XLOOKUP(1, (Фрахт!$A$5:$A$80 = $A64)* (Фрахт!$B$5:$B$80 = $C64) * (Фрахт!$C$5:$C$80 =$D64), _xlfn.XLOOKUP(1, (Фрахт!$D$4:$E$4 = F$2) * 1, Фрахт!$D$5:$E$80)) * $S$1, "-")} -> 510000 | G64: {=IFERROR(_xlfn.XLOOKUP(1, ('Drop off'!$A$6:$A$14 = $C64) * 1, _xlfn.XLOOKUP(1, ('Drop off'!$B$5:$I$5 = G$2) * ('Drop off'!$B$4:$I$4 = $S$2), 'Drop off'!$B$6:$I$14)) * $S$1, "-")} -> 0 | H64: {=IFERROR(_xlfn.XLOOKUP(1, ('Drop off'!$A$6:$A$14 = $C64) * 1, _xlfn.XLOOKUP(1, ('Drop off'!$B$5:$I$5 = H$2) * ('Drop off'!$B$4:$I$4 = $S$2), 'Drop off'!$B$6:$I$14)) * $S$1, "-")} -> 0 | I64: {=IFERROR(_xlfn.XLOOKUP(1, ('ж.д.'!$A$6:$A$14 = $D64) * 1, _xlfn.XLOOKUP(1, ('ж.д.'!$B$5:$M$5 = I$2) * ('ж.д.'!$B$4:$M$4 = $S$2), 'ж.д.'!$B$6:$M$14)), "-")} -> 167600 | J64: {=IFERROR(_xlfn.XLOOKUP(1, ('ж.д.'!$A$6:$A$14 = $D64) * 1, _xlfn.XLOOKUP(1, ('ж.д.'!$B$5:$M$5 = J$2) * ('ж.д.'!$B$4:$M$4 = $S$2), 'ж.д.'!$B$6:$M$14)), "-")} -> 181540 | K64: {=IFERROR(_xlfn.XLOOKUP(1, ('ж.д.'!$A$6:$A$14 = $D64) * 1, _xlfn.XLOOKUP(1, ('ж.д.'!$B$5:$M$5 = K$2) * ('ж.д.'!$B$4:$M$4 = $S$2), 'ж.д.'!$B$6:$M$14)), "-")} -> 292000 | L64: {=IF(ISNUMBER(SEARCH("Транс",$C64)),_xlfn.XLOOKUP(1,('Фрахт Транс'!$A$5:$A$10=$D64)*1,_xlfn.XLOOKUP(1,('Фрахт Транс'!$B$3:$M$3 = $S$2)*('Фрахт Транс'!$B$4:$M$4=L$2),'Фрахт Транс'!$B$5:$M$10)),SUM($E64, $G64, $I64, $O64))} -> 501422 | M64: {=IF(ISNUMBER(SEARCH("Транс",$C64)),_xlfn.XLOOKUP(1,('Фрахт Транс'!$A$5:$A$10=$D64)*1,_xlfn.XLOOKUP(1,('Фрахт Транс'!$B$3:$M$3=$S$2)*('Фрахт Транс'!$B$4:$M$4=M$2),'Фрахт Транс'!$B$5:$M$10)),SUM($E64, $G64, $J64, $O64))} -> 515362 | N64: {=IF(ISNUMBER(SEARCH("Транс",$C64)),_xlfn.XLOOKUP(1,('Фрахт Транс'!$A$5:$A$10=$D64)*1,_xlfn.XLOOKUP(1,('Фрахт Транс'!$B$3:$M$3=$S$2)*('Фрахт Транс'!$B$4:$M$4=N$2),'Фрахт Транс'!$B$5:$M$10)),SUM($F64, $H64, $K64, $P64))} -> 808910 | O64: {=IFERROR(_xlfn.XLOOKUP(1, (Охрана!$A$6:$A$14 = $D64) * 1, _xlfn.XLOOKUP(1, (Охрана!$B$5:$M$5 = O$2) * (Охрана!$B$4:$M$4 = $S$2), Охрана!$B$6:$M$14)), "-")} -> 3822 | P64: {=IFERROR(_xlfn.XLOOKUP(1, (Охрана!$A$6:$A$14 = $D64) * 1, _xlfn.XLOOKUP(1, (Охрана!$B$5:$M$5 = P$2) * (Охрана!$B$4:$M$4 = $S$2), Охрана!$B$6:$M$14)), "-")} -> 6910
A65: YANTIAN | C65: ФЕСКО | D65: ВМТП (Феско ост.) | E65: {=IFERROR(_xlfn.XLOOKUP(1, (Фрахт!$A$5:$A$80 = $A65)* (Фрахт!$B$5:$B$80 = $C65) * (Фрахт!$C$5:$C$80 =$D65), _xlfn.XLOOKUP(1, (Фрахт!$D$4:$E$4 = E$2) * 1, Фрахт!$D$5:$E$80)) * $S$1, "-")} -> 330000 | F65: {=IFERROR(_xlfn.XLOOKUP(1, (Фрахт!$A$5:$A$80 = $A65)* (Фрахт!$B$5:$B$80 = $C65) * (Фрахт!$C$5:$C$80 =$D65), _xlfn.XLOOKUP(1, (Фрахт!$D$4:$E$4 = F$2) * 1, Фрахт!$D$5:$E$80)) * $S$1, "-")} -> 510000 | G65: {=IFERROR(_xlfn.XLOOKUP(1, ('Drop off'!$A$6:$A$14 = $C65) * 1, _xlfn.XLOOKUP(1, ('Drop off'!$B$5:$I$5 = G$2) * ('Drop off'!$B$4:$I$4 = $S$2), 'Drop off'!$B$6:$I$14)) * $S$1, "-")} -> 0 | H65: {=IFERROR(_xlfn.XLOOKUP(1, ('Drop off'!$A$6:$A$14 = $C65) * 1, _xlfn.XLOOKUP(1, ('Drop off'!$B$5:$I$5 = H$2) * ('Drop off'!$B$4:$I$4 = $S$2), 'Drop off'!$B$6:$I$14)) * $S$1, "-")} -> 0 | I65: {=IFERROR(_xlfn.XLOOKUP(1, ('ж.д.'!$A$6:$A$14 = $D65) * 1, _xlfn.XLOOKUP(1, ('ж.д.'!$B$5:$M$5 = I$2) * ('ж.д.'!$B$4:$M$4 = $S$2), 'ж.д.'!$B$6:$M$14)), "-")} -> 173730 | J65: {=IFERROR(_xlfn.XLOOKUP(1, ('ж.д.'!$A$6:$A$14 = $D65) * 1, _xlfn.XLOOKUP(1, ('ж.д.'!$B$5:$M$5 = J$2) * ('ж.д.'!$B$4:$M$4 = $S$2), 'ж.д.'!$B$6:$M$14)), "-")} -> 191045 | K65: {=IFERROR(_xlfn.XLOOKUP(1, ('ж.д.'!$A$6:$A$14 = $D65) * 1, _xlfn.XLOOKUP(1, ('ж.д.'!$B$5:$M$5 = K$2) * ('ж.д.'!$B$4:$M$4 = $S$2), 'ж.д.'!$B$6:$M$14)), "-")} -> 303815 | L65: {=IF(ISNUMBER(SEARCH("Транс",$C65)),_xlfn.XLOOKUP(1,('Фрахт Транс'!$A$5:$A$10=$D65)*1,_xlfn.XLOOKUP(1,('Фрахт Транс'!$B$3:$M$3 = $S$2)*('Фрахт Транс'!$B$4:$M$4=L$2),'Фрахт Транс'!$B$5:$M$10)),SUM($E65, $G65, $I65, $O65))} -> 507552 | M65: {=IF(ISNUMBER(SEARCH("Транс",$C65)),_xlfn.XLOOKUP(1,('Фрахт Транс'!$A$5:$A$10=$D65)*1,_xlfn.XLOOKUP(1,('Фрахт Транс'!$B$3:$M$3=$S$2)*('Фрахт Транс'!$B$4:$M$4=M$2),'Фрахт Транс'!$B$5:$M$10)),SUM($E65, $G65, $J65, $O65))} -> 524867 | N65: {=IF(ISNUMBER(SEARCH("Транс",$C65)),_xlfn.XLOOKUP(1,('Фрахт Транс'!$A$5:$A$10=$D65)*1,_xlfn.XLOOKUP(1,('Фрахт Транс'!$B$3:$M$3=$S$2)*('Фрахт Транс'!$B$4:$M$4=N$2),'Фрахт Транс'!$B$5:$M$10)),SUM($F65, $H65, $K65, $P65))} -> 820725 | O65: {=IFERROR(_xlfn.XLOOKUP(1, (Охрана!$A$6:$A$14 = $D65) * 1, _xlfn.XLOOKUP(1, (Охрана!$B$5:$M$5 = O$2) * (Охрана!$B$4:$M$4 = $S$2), Охрана!$B$6:$M$14)), "-")} -> 3822 | P65: {=IFERROR(_xlfn.XLOOKUP(1, (Охрана!$A$6:$A$14 = $D65) * 1, _xlfn.XLOOKUP(1, (Охрана!$B$5:$M$5 = P$2) * (Охрана!$B$4:$M$4 = $S$2), Охрана!$B$6:$M$14)), "-")} -> 6910
A66: YANTIAN | C66: SINOKOR | D66: ВСК | E66: {=IFERROR(_xlfn.XLOOKUP(1, (Фрахт!$A$5:$A$80 = $A66)* (Фрахт!$B$5:$B$80 = $C66) * (Фрахт!$C$5:$C$80 =$D66), _xlfn.XLOOKUP(1, (Фрахт!$D$4:$E$4 = E$2) * 1, Фрахт!$D$5:$E$80)) * $S$1, "-")} -> 346500 | F66: {=IFERROR(_xlfn.XLOOKUP(1, (Фрахт!$A$5:$A$80 = $A66)* (Фрахт!$B$5:$B$80 = $C66) * (Фрахт!$C$5:$C$80 =$D66), _xlfn.XLOOKUP(1, (Фрахт!$D$4:$E$4 = F$2) * 1, Фрахт!$D$5:$E$80)) * $S$1, "-")} -> 504000 | G66: {=IFERROR(_xlfn.XLOOKUP(1, ('Drop off'!$A$6:$A$14 = $C66) * 1, _xlfn.XLOOKUP(1, ('Drop off'!$B$5:$I$5 = G$2) * ('Drop off'!$B$4:$I$4 = $S$2), 'Drop off'!$B$6:$I$14)) * $S$1, "-")} -> 56700 | H66: {=IFERROR(_xlfn.XLOOKUP(1, ('Drop off'!$A$6:$A$14 = $C66) * 1, _xlfn.XLOOKUP(1, ('Drop off'!$B$5:$I$5 = H$2) * ('Drop off'!$B$4:$I$4 = $S$2), 'Drop off'!$B$6:$I$14)) * $S$1, "-")} -> 37800 | I66: {=IFERROR(_xlfn.XLOOKUP(1, ('ж.д.'!$A$6:$A$14 = $D66) * 1, _xlfn.XLOOKUP(1, ('ж.д.'!$B$5:$M$5 = I$2) * ('ж.д.'!$B$4:$M$4 = $S$2), 'ж.д.'!$B$6:$M$14)), "-")} -> 122400 | J66: {=IFERROR(_xlfn.XLOOKUP(1, ('ж.д.'!$A$6:$A$14 = $D66) * 1, _xlfn.XLOOKUP(1, ('ж.д.'!$B$5:$M$5 = J$2) * ('ж.д.'!$B$4:$M$4 = $S$2), 'ж.д.'!$B$6:$M$14)), "-")} -> 139800 | K66: {=IFERROR(_xlfn.XLOOKUP(1, ('ж.д.'!$A$6:$A$14 = $D66) * 1, _xlfn.XLOOKUP(1, ('ж.д.'!$B$5:$M$5 = K$2) * ('ж.д.'!$B$4:$M$4 = $S$2), 'ж.д.'!$B$6:$M$14)), "-")} -> 224600 | L66: {=IF(ISNUMBER(SEARCH("Транс",$C66)),_xlfn.XLOOKUP(1,('Фрахт Транс'!$A$5:$A$10=$D66)*1,_xlfn.XLOOKUP(1,('Фрахт Транс'!$B$3:$M$3 = $S$2)*('Фрахт Транс'!$B$4:$M$4=L$2),'Фрахт Транс'!$B$5:$M$10)),SUM($E66, $G66, $I66, $O66))} -> 528994 | M66: {=IF(ISNUMBER(SEARCH("Транс",$C66)),_xlfn.XLOOKUP(1,('Фрахт Транс'!$A$5:$A$10=$D66)*1,_xlfn.XLOOKUP(1,('Фрахт Транс'!$B$3:$M$3=$S$2)*('Фрахт Транс'!$B$4:$M$4=M$2),'Фрахт Транс'!$B$5:$M$10)),SUM($E66, $G66, $J66, $O66))} -> 546394 | N66: {=IF(ISNUMBER(SEARCH("Транс",$C66)),_xlfn.XLOOKUP(1,('Фрахт Транс'!$A$5:$A$10=$D66)*1,_xlfn.XLOOKUP(1,('Фрахт Транс'!$B$3:$M$3=$S$2)*('Фрахт Транс'!$B$4:$M$4=N$2),'Фрахт Транс'!$B$5:$M$10)),SUM($F66, $H66, $K66, $P66))} -> 773201 | O66: {=IFERROR(_xlfn.XLOOKUP(1, (Охрана!$A$6:$A$14 = $D66) * 1, _xlfn.XLOOKUP(1, (Охрана!$B$5:$M$5 = O$2) * (Охрана!$B$4:$M$4 = $S$2), Охрана!$B$6:$M$14)), "-")} -> 3394 | P66: {=IFERROR(_xlfn.XLOOKUP(1, (Охрана!$A$6:$A$14 = $D66) * 1, _xlfn.XLOOKUP(1, (Охрана!$B$5:$M$5 = P$2) * (Охрана!$B$4:$M$4 = $S$2), Охрана!$B$6:$M$14)), "-")} -> 6801
A67: YANTIAN | C67: SINOKOR | D67: Соллерс | E67: {=IFERROR(_xlfn.XLOOKUP(1, (Фрахт!$A$5:$A$80 = $A67)* (Фрахт!$B$5:$B$80 = $C67) * (Фрахт!$C$5:$C$80 =$D67), _xlfn.XLOOKUP(1, (Фрахт!$D$4:$E$4 = E$2) * 1, Фрахт!$D$5:$E$80)) * $S$1, "-")} -> 346500 | F67: {=IFERROR(_xlfn.XLOOKUP(1, (Фрахт!$A$5:$A$80 = $A67)* (Фрахт!$B$5:$B$80 = $C67) * (Фрахт!$C$5:$C$80 =$D67), _xlfn.XLOOKUP(1, (Фрахт!$D$4:$E$4 = F$2) * 1, Фрахт!$D$5:$E$80)) * $S$1, "-")} -> 504000 | G67: {=IFERROR(_xlfn.XLOOKUP(1, ('Drop off'!$A$6:$A$14 = $C67) * 1, _xlfn.XLOOKUP(1, ('Drop off'!$B$5:$I$5 = G$2) * ('Drop off'!$B$4:$I$4 = $S$2), 'Drop off'!$B$6:$I$14)) * $S$1, "-")} -> 56700 | H67: {=IFERROR(_xlfn.XLOOKUP(1, ('Drop off'!$A$6:$A$14 = $C67) * 1, _xlfn.XLOOKUP(1, ('Drop off'!$B$5:$I$5 = H$2) * ('Drop off'!$B$4:$I$4 = $S$2), 'Drop off'!$B$6:$I$14)) * $S$1, "-")} -> 37800 | I67: {=IFERROR(_xlfn.XLOOKUP(1, ('ж.д.'!$A$6:$A$14 = $D67) * 1, _xlfn.XLOOKUP(1, ('ж.д.'!$B$5:$M$5 = I$2) * ('ж.д.'!$B$4:$M$4 = $S$2), 'ж.д.'!$B$6:$M$14)), "-")} -> 134400 | J67: {=IFERROR(_xlfn.XLOOKUP(1, ('ж.д.'!$A$6:$A$14 = $D67) * 1, _xlfn.XLOOKUP(1, ('ж.д.'!$B$5:$M$5 = J$2) * ('ж.д.'!$B$4:$M$4 = $S$2), 'ж.д.'!$B$6:$M$14)), "-")} -> 149400 | K67: {=IFERROR(_xlfn.XLOOKUP(1, ('ж.д.'!$A$6:$A$14 = $D67) * 1, _xlfn.XLOOKUP(1, ('ж.д.'!$B$5:$M$5 = K$2) * ('ж.д.'!$B$4:$M$4 = $S$2), 'ж.д.'!$B$6:$M$14)), "-")} -> 235000 | L67: {=IF(ISNUMBER(SEARCH("Транс",$C67)),_xlfn.XLOOKUP(1,('Фрахт Транс'!$A$5:$A$10=$D67)*1,_xlfn.XLOOKUP(1,('Фрахт Транс'!$B$3:$M$3 = $S$2)*('Фрахт Транс'!$B$4:$M$4=L$2),'Фрахт Транс'!$B$5:$M$10)),SUM($E67, $G67, $I67, $O67))} -> 540994 | M67: {=IF(ISNUMBER(SEARCH("Транс",$C67)),_xlfn.XLOOKUP(1,('Фрахт Транс'!$A$5:$A$10=$D67)*1,_xlfn.XLOOKUP(1,('Фрахт Транс'!$B$3:$M$3=$S$2)*('Фрахт Транс'!$B$4:$M$4=M$2),'Фрахт Транс'!$B$5:$M$10)),SUM($E67, $G67, $J67, $O67))} -> 555994 | N67: {=IF(ISNUMBER(SEARCH("Транс",$C67)),_xlfn.XLOOKUP(1,('Фрахт Транс'!$A$5:$A$10=$D67)*1,_xlfn.XLOOKUP(1,('Фрахт Транс'!$B$3:$M$3=$S$2)*('Фрахт Транс'!$B$4:$M$4=N$2),'Фрахт Транс'!$B$5:$M$10)),SUM($F67, $H67, $K67, $P67))} -> 783601 | O67: {=IFERROR(_xlfn.XLOOKUP(1, (Охрана!$A$6:$A$14 = $D67) * 1, _xlfn.XLOOKUP(1, (Охрана!$B$5:$M$5 = O$2) * (Охрана!$B$4:$M$4 = $S$2), Охрана!$B$6:$M$14)), "-")} -> 3394 | P67: {=IFERROR(_xlfn.XLOOKUP(1, (Охрана!$A$6:$A$14 = $D67) * 1, _xlfn.XLOOKUP(1, (Охрана!$B$5:$M$5 = P$2) * (Охрана!$B$4:$M$4 = $S$2), Охрана!$B$6:$M$14)), "-")} -> 6801
A68: YANTIAN | C68: SINOKOR | D68: ВМТП | E68: {=IFERROR(_xlfn.XLOOKUP(1, (Фрахт!$A$5:$A$80 = $A68)* (Фрахт!$B$5:$B$80 = $C68) * (Фрахт!$C$5:$C$80 =$D68), _xlfn.XLOOKUP(1, (Фрахт!$D$4:$E$4 = E$2) * 1, Фрахт!$D$5:$E$80)) * $S$1, "-")} -> 346500 | F68: {=IFERROR(_xlfn.XLOOKUP(1, (Фрахт!$A$5:$A$80 = $A68)* (Фрахт!$B$5:$B$80 = $C68) * (Фрахт!$C$5:$C$80 =$D68), _xlfn.XLOOKUP(1, (Фрахт!$D$4:$E$4 = F$2) * 1, Фрахт!$D$5:$E$80)) * $S$1, "-")} -> 504000 | G68: {=IFERROR(_xlfn.XLOOKUP(1, ('Drop off'!$A$6:$A$14 = $C68) * 1, _xlfn.XLOOKUP(1, ('Drop off'!$B$5:$I$5 = G$2) * ('Drop off'!$B$4:$I$4 = $S$2), 'Drop off'!$B$6:$I$14)) * $S$1, "-")} -> 56700 | H68: {=IFERROR(_xlfn.XLOOKUP(1, ('Drop off'!$A$6:$A$14 = $C68) * 1, _xlfn.XLOOKUP(1, ('Drop off'!$B$5:$I$5 = H$2) * ('Drop off'!$B$4:$I$4 = $S$2), 'Drop off'!$B$6:$I$14)) * $S$1, "-")} -> 37800 | I68: {=IFERROR(_xlfn.XLOOKUP(1, ('ж.д.'!$A$6:$A$14 = $D68) * 1, _xlfn.XLOOKUP(1, ('ж.д.'!$B$5:$M$5 = I$2) * ('ж.д.'!$B$4:$M$4 = $S$2), 'ж.д.'!$B$6:$M$14)), "-")} -> 141000 | J68: {=IFERROR(_xlfn.XLOOKUP(1, ('ж.д.'!$A$6:$A$14 = $D68) * 1, _xlfn.XLOOKUP(1, ('ж.д.'!$B$5:$M$5 = J$2) * ('ж.д.'!$B$4:$M$4 = $S$2), 'ж.д.'!$B$6:$M$14)), "-")} -> 156600 | K68: {=IFERROR(_xlfn.XLOOKUP(1, ('ж.д.'!$A$6:$A$14 = $D68) * 1, _xlfn.XLOOKUP(1, ('ж.д.'!$B$5:$M$5 = K$2) * ('ж.д.'!$B$4:$M$4 = $S$2), 'ж.д.'!$B$6:$M$14)), "-")} -> 261000 | L68: {=IF(ISNUMBER(SEARCH("Транс",$C68)),_xlfn.XLOOKUP(1,('Фрахт Транс'!$A$5:$A$10=$D68)*1,_xlfn.XLOOKUP(1,('Фрахт Транс'!$B$3:$M$3 = $S$2)*('Фрахт Транс'!$B$4:$M$4=L$2),'Фрахт Транс'!$B$5:$M$10)),SUM($E68, $G68, $I68, $O68))} -> 548022 | M68: {=IF(ISNUMBER(SEARCH("Транс",$C68)),_xlfn.XLOOKUP(1,('Фрахт Транс'!$A$5:$A$10=$D68)*1,_xlfn.XLOOKUP(1,('Фрахт Транс'!$B$3:$M$3=$S$2)*('Фрахт Транс'!$B$4:$M$4=M$2),'Фрахт Транс'!$B$5:$M$10)),SUM($E68, $G68, $J68, $O68))} -> 563622 | N68: {=IF(ISNUMBER(SEARCH("Транс",$C68)),_xlfn.XLOOKUP(1,('Фрахт Транс'!$A$5:$A$10=$D68)*1,_xlfn.XLOOKUP(1,('Фрахт Транс'!$B$3:$M$3=$S$2)*('Фрахт Транс'!$B$4:$M$4=N$2),'Фрахт Транс'!$B$5:$M$10)),SUM($F68, $H68, $K68, $P68))} -> 809710 | O68: {=IFERROR(_xlfn.XLOOKUP(1, (Охрана!$A$6:$A$14 = $D68) * 1, _xlfn.XLOOKUP(1, (Охрана!$B$5:$M$5 = O$2) * (Охрана!$B$4:$M$4 = $S$2), Охрана!$B$6:$M$14)), "-")} -> 3822 | P68: {=IFERROR(_xlfn.XLOOKUP(1, (Охрана!$A$6:$A$14 = $D68) * 1, _xlfn.XLOOKUP(1, (Охрана!$B$5:$M$5 = P$2) * (Охрана!$B$4:$M$4 = $S$2), Охрана!$B$6:$M$14)), "-")} -> 6910
A69: YANTIAN | C69: SINOKOR | D69: ВМКТ | E69: {=IFERROR(_xlfn.XLOOKUP(1, (Фрахт!$A$5:$A$80 = $A69)* (Фрахт!$B$5:$B$80 = $C69) * (Фрахт!$C$5:$C$80 =$D69), _xlfn.XLOOKUP(1, (Фрахт!$D$4:$E$4 = E$2) * 1, Фрахт!$D$5:$E$80)) * $S$1, "-")} -> 346500 | F69: {=IFERROR(_xlfn.XLOOKUP(1, (Фрахт!$A$5:$A$80 = $A69)* (Фрахт!$B$5:$B$80 = $C69) * (Фрахт!$C$5:$C$80 =$D69), _xlfn.XLOOKUP(1, (Фрахт!$D$4:$E$4 = F$2) * 1, Фрахт!$D$5:$E$80)) * $S$1, "-")} -> 504000 | G69: {=IFERROR(_xlfn.XLOOKUP(1, ('Drop off'!$A$6:$A$14 = $C69) * 1, _xlfn.XLOOKUP(1, ('Drop off'!$B$5:$I$5 = G$2) * ('Drop off'!$B$4:$I$4 = $S$2), 'Drop off'!$B$6:$I$14)) * $S$1, "-")} -> 56700 | H69: {=IFERROR(_xlfn.XLOOKUP(1, ('Drop off'!$A$6:$A$14 = $C69) * 1, _xlfn.XLOOKUP(1, ('Drop off'!$B$5:$I$5 = H$2) * ('Drop off'!$B$4:$I$4 = $S$2), 'Drop off'!$B$6:$I$14)) * $S$1, "-")} -> 37800 | I69: {=IFERROR(_xlfn.XLOOKUP(1, ('ж.д.'!$A$6:$A$14 = $D69) * 1, _xlfn.XLOOKUP(1, ('ж.д.'!$B$5:$M$5 = I$2) * ('ж.д.'!$B$4:$M$4 = $S$2), 'ж.д.'!$B$6:$M$14)), "-")} -> 125000 | J69: {=IFERROR(_xlfn.XLOOKUP(1, ('ж.д.'!$A$6:$A$14 = $D69) * 1, _xlfn.XLOOKUP(1, ('ж.д.'!$B$5:$M$5 = J$2) * ('ж.д.'!$B$4:$M$4 = $S$2), 'ж.д.'!$B$6:$M$14)), "-")} -> 140000 | K69: {=IFERROR(_xlfn.XLOOKUP(1, ('ж.д.'!$A$6:$A$14 = $D69) * 1, _xlfn.XLOOKUP(1, ('ж.д.'!$B$5:$M$5 = K$2) * ('ж.д.'!$B$4:$M$4 = $S$2), 'ж.д.'!$B$6:$M$14)), "-")} -> 227000 | L69: {=IF(ISNUMBER(SEARCH("Транс",$C69)),_xlfn.XLOOKUP(1,('Фрахт Транс'!$A$5:$A$10=$D69)*1,_xlfn.XLOOKUP(1,('Фрахт Транс'!$B$3:$M$3 = $S$2)*('Фрахт Транс'!$B$4:$M$4=L$2),'Фрахт Транс'!$B$5:$M$10)),SUM($E69, $G69, $I69, $O69))} -> 532300 | M69: {=IF(ISNUMBER(SEARCH("Транс",$C69)),_xlfn.XLOOKUP(1,('Фрахт Транс'!$A$5:$A$10=$D69)*1,_xlfn.XLOOKUP(1,('Фрахт Транс'!$B$3:$M$3=$S$2)*('Фрахт Транс'!$B$4:$M$4=M$2),'Фрахт Транс'!$B$5:$M$10)),SUM($E69, $G69, $J69, $O69))} -> 547300 | N69: {=IF(ISNUMBER(SEARCH("Транс",$C69)),_xlfn.XLOOKUP(1,('Фрахт Транс'!$A$5:$A$10=$D69)*1,_xlfn.XLOOKUP(1,('Фрахт Транс'!$B$3:$M$3=$S$2)*('Фрахт Транс'!$B$4:$M$4=N$2),'Фрахт Транс'!$B$5:$M$10)),SUM($F69, $H69, $K69, $P69))} -> 777000 | O69: {=IFERROR(_xlfn.XLOOKUP(1, (Охрана!$A$6:$A$14 = $D69) * 1, _xlfn.XLOOKUP(1, (Охрана!$B$5:$M$5 = O$2) * (Охрана!$B$4:$M$4 = $S$2), Охрана!$B$6:$M$14)), "-")} -> 4100 | P69: {=IFERROR(_xlfn.XLOOKUP(1, (Охрана!$A$6:$A$14 = $D69) * 1, _xlfn.XLOOKUP(1, (Охрана!$B$5:$M$5 = P$2) * (Охрана!$B$4:$M$4 = $S$2), Охрана!$B$6:$M$14)), "-")} -> 8200
A70: YANTIAN | C70: HUAXIN | D70: СОЛЛЕРС | E70: {=IFERROR(_xlfn.XLOOKUP(1, (Фрахт!$A$5:$A$80 = $A70)* (Фрахт!$B$5:$B$80 = $C70) * (Фрахт!$C$5:$C$80 =$D70), _xlfn.XLOOKUP(1, (Фрахт!$D$4:$E$4 = E$2) * 1, Фрахт!$D$5:$E$80)) * $S$1, "-")} -> 275160 | F70: {=IFERROR(_xlfn.XLOOKUP(1, (Фрахт!$A$5:$A$80 = $A70)* (Фрахт!$B$5:$B$80 = $C70) * (Фрахт!$C$5:$C$80 =$D70), _xlfn.XLOOKUP(1, (Фрахт!$D$4:$E$4 = F$2) * 1, Фрахт!$D$5:$E$80)) * $S$1, "-")} -> 454320 | G70: {=IFERROR(_xlfn.XLOOKUP(1, ('Drop off'!$A$6:$A$14 = $C70) * 1, _xlfn.XLOOKUP(1, ('Drop off'!$B$5:$I$5 = G$2) * ('Drop off'!$B$4:$I$4 = $S$2), 'Drop off'!$B$6:$I$14)) * $S$1, "-")} -> 42000 | H70: {=IFERROR(_xlfn.XLOOKUP(1, ('Drop off'!$A$6:$A$14 = $C70) * 1, _xlfn.XLOOKUP(1, ('Drop off'!$B$5:$I$5 = H$2) * ('Drop off'!$B$4:$I$4 = $S$2), 'Drop off'!$B$6:$I$14)) * $S$1, "-")} -> 42000 | I70: {=IFERROR(_xlfn.XLOOKUP(1, ('ж.д.'!$A$6:$A$14 = $D70) * 1, _xlfn.XLOOKUP(1, ('ж.д.'!$B$5:$M$5 = I$2) * ('ж.д.'!$B$4:$M$4 = $S$2), 'ж.д.'!$B$6:$M$14)), "-")} -> 134400 | J70: {=IFERROR(_xlfn.XLOOKUP(1, ('ж.д.'!$A$6:$A$14 = $D70) * 1, _xlfn.XLOOKUP(1, ('ж.д.'!$B$5:$M$5 = J$2) * ('ж.д.'!$B$4:$M$4 = $S$2), 'ж.д.'!$B$6:$M$14)), "-")} -> 149400 | K70: {=IFERROR(_xlfn.XLOOKUP(1, ('ж.д.'!$A$6:$A$14 = $D70) * 1, _xlfn.XLOOKUP(1, ('ж.д.'!$B$5:$M$5 = K$2) * ('ж.д.'!$B$4:$M$4 = $S$2), 'ж.д.'!$B$6:$M$14)), "-")} -> 235000 | L70: {=IF(ISNUMBER(SEARCH("Транс",$C70)),_xlfn.XLOOKUP(1,('Фрахт Транс'!$A$5:$A$10=$D70)*1,_xlfn.XLOOKUP(1,('Фрахт Транс'!$B$3:$M$3 = $S$2)*('Фрахт Транс'!$B$4:$M$4=L$2),'Фрахт Транс'!$B$5:$M$10)),SUM($E70, $G70, $I70, $O70))} -> 454954 | M70: {=IF(ISNUMBER(SEARCH("Транс",$C70)),_xlfn.XLOOKUP(1,('Фрахт Транс'!$A$5:$A$10=$D70)*1,_xlfn.XLOOKUP(1,('Фрахт Транс'!$B$3:$M$3=$S$2)*('Фрахт Транс'!$B$4:$M$4=M$2),'Фрахт Транс'!$B$5:$M$10)),SUM($E70, $G70, $J70, $O70))} -> 469954 | N70: {=IF(ISNUMBER(SEARCH("Транс",$C70)),_xlfn.XLOOKUP(1,('Фрахт Транс'!$A$5:$A$10=$D70)*1,_xlfn.XLOOKUP(1,('Фрахт Транс'!$B$3:$M$3=$S$2)*('Фрахт Транс'!$B$4:$M$4=N$2),'Фрахт Транс'!$B$5:$M$10)),SUM($F70, $H70, $K70, $P70))} -> 738121 | O70: {=IFERROR(_xlfn.XLOOKUP(1, (Охрана!$A$6:$A$14 = $D70) * 1, _xlfn.XLOOKUP(1, (Охрана!$B$5:$M$5 = O$2) * (Охрана!$B$4:$M$4 = $S$2), Охрана!$B$6:$M$14)), "-")} -> 3394 | P70: {=IFERROR(_xlfn.XLOOKUP(1, (Охрана!$A$6:$A$14 = $D70) * 1, _xlfn.XLOOKUP(1, (Охрана!$B$5:$M$5 = P$2) * (Охрана!$B$4:$M$4 = $S$2), Охрана!$B$6:$M$14)), "-")} -> 6801
A71: YANTIAN | C71: ТоргМолл | D71: ВСК | E71: {=IFERROR(_xlfn.XLOOKUP(1, (Фрахт!$A$5:$A$80 = $A71)* (Фрахт!$B$5:$B$80 = $C71) * (Фрахт!$C$5:$C$80 =$D71), _xlfn.XLOOKUP(1, (Фрахт!$D$4:$E$4 = E$2) * 1, Фрахт!$D$5:$E$80)) * $S$1, "-")} -> - | F71: {=IFERROR(_xlfn.XLOOKUP(1, (Фрахт!$A$5:$A$80 = $A71)* (Фрахт!$B$5:$B$80 = $C71) * (Фрахт!$C$5:$C$80 =$D71), _xlfn.XLOOKUP(1, (Фрахт!$D$4:$E$4 = F$2) * 1, Фрахт!$D$5:$E$80)) * $S$1, "-")} -> - | G71: {=IFERROR(_xlfn.XLOOKUP(1, ('Drop off'!$A$6:$A$14 = $C71) * 1, _xlfn.XLOOKUP(1, ('Drop off'!$B$5:$I$5 = G$2) * ('Drop off'!$B$4:$I$4 = $S$2), 'Drop off'!$B$6:$I$14)) * $S$1, "-")} -> 0 | H71: {=IFERROR(_xlfn.XLOOKUP(1, ('Drop off'!$A$6:$A$14 = $C71) * 1, _xlfn.XLOOKUP(1, ('Drop off'!$B$5:$I$5 = H$2) * ('Drop off'!$B$4:$I$4 = $S$2), 'Drop off'!$B$6:$I$14)) * $S$1, "-")} -> 0 | I71: {=IFERROR(_xlfn.XLOOKUP(1, ('ж.д.'!$A$6:$A$14 = $D71) * 1, _xlfn.XLOOKUP(1, ('ж.д.'!$B$5:$M$5 = I$2) * ('ж.д.'!$B$4:$M$4 = $S$2), 'ж.д.'!$B$6:$M$14)), "-")} -> 122400 | J71: {=IFERROR(_xlfn.XLOOKUP(1, ('ж.д.'!$A$6:$A$14 = $D71) * 1, _xlfn.XLOOKUP(1, ('ж.д.'!$B$5:$M$5 = J$2) * ('ж.д.'!$B$4:$M$4 = $S$2), 'ж.д.'!$B$6:$M$14)), "-")} -> 139800 | K71: {=IFERROR(_xlfn.XLOOKUP(1, ('ж.д.'!$A$6:$A$14 = $D71) * 1, _xlfn.XLOOKUP(1, ('ж.д.'!$B$5:$M$5 = K$2) * ('ж.д.'!$B$4:$M$4 = $S$2), 'ж.д.'!$B$6:$M$14)), "-")} -> 224600 | L71: {=IF(ISNUMBER(SEARCH("Транс",$C71)),_xlfn.XLOOKUP(1,('Фрахт Транс'!$A$5:$A$10=$D71)*1,_xlfn.XLOOKUP(1,('Фрахт Транс'!$B$3:$M$3 = $S$2)*('Фрахт Транс'!$B$4:$M$4=L$2),'Фрахт Транс'!$B$5:$M$10)),SUM($E71, $G71, $I71, $O71))} -> 125794 | M71: {=IF(ISNUMBER(SEARCH("Транс",$C71)),_xlfn.XLOOKUP(1,('Фрахт Транс'!$A$5:$A$10=$D71)*1,_xlfn.XLOOKUP(1,('Фрахт Транс'!$B$3:$M$3=$S$2)*('Фрахт Транс'!$B$4:$M$4=M$2),'Фрахт Транс'!$B$5:$M$10)),SUM($E71, $G71, $J71, $O71))} -> 143194 | N71: {=IF(ISNUMBER(SEARCH("Транс",$C71)),_xlfn.XLOOKUP(1,('Фрахт Транс'!$A$5:$A$10=$D71)*1,_xlfn.XLOOKUP(1,('Фрахт Транс'!$B$3:$M$3=$S$2)*('Фрахт Транс'!$B$4:$M$4=N$2),'Фрахт Транс'!$B$5:$M$10)),SUM($F71, $H71, $K71, $P71))} -> 231401 | O71: {=IFERROR(_xlfn.XLOOKUP(1, (Охрана!$A$6:$A$14 = $D71) * 1, _xlfn.XLOOKUP(1, (Охрана!$B$5:$M$5 = O$2) * (Охрана!$B$4:$M$4 = $S$2), Охрана!$B$6:$M$14)), "-")} -> 3394 | P71: {=IFERROR(_xlfn.XLOOKUP(1, (Охрана!$A$6:$A$14 = $D71) * 1, _xlfn.XLOOKUP(1, (Охрана!$B$5:$M$5 = P$2) * (Охрана!$B$4:$M$4 = $S$2), Охрана!$B$6:$M$14)), "-")} -> 6801

Sheet СПБ
A1: POL | B1: POL | C1: Экспедитор | D1: Терминал ДВ | E1: фрахт | G1: дроп-офф | I1: жд тариф | L1: Итого | O1: Охрана | R1: Курс | S1: 60
E2: 20 | F2: 40 | G2: 20 | H2: 40 | I2: 20<24т | J2: 20<28т | K2: 40 | L2: 20<24т | M2: 20<28т | N2: 40 | O2: 20 | P2: 40 | R2: Имя листа | S2: {=_xlfn.TEXTAFTER(CELL("filename", A1), "]")} -> СПБ
A3: NINGBO | B3: NINGBO | C3: Трансконтейнер (Сквозной сервис) | D3: ВСК (ТК) Ningbo | E3: {=IFERROR(_xlfn.XLOOKUP(1, (Фрахт!$A$5:$A$80 = $A3)* (Фрахт!$B$5:$B$80 = $C3) * (Фрахт!$C$5:$C$80 =$D3), _xlfn.XLOOKUP(1, (Фрахт!$D$4:$E$4 = E$2) * 1, Фрахт!$D$5:$E$80)) * $S$1, "-")} -> - | F3: {=IFERROR(_xlfn.XLOOKUP(1, (Фрахт!$A$5:$A$80 = $A3)* (Фрахт!$B$5:$B$80 = $C3) * (Фрахт!$C$5:$C$80 =$D3), _xlfn.XLOOKUP(1, (Фрахт!$D$4:$E$4 = F$2) * 1, Фрахт!$D$5:$E$80)) * $S$1, "-")} -> - | G3: {=IFERROR(_xlfn.XLOOKUP(1, ('Drop off'!$A$6:$A$14 = $C3) * 1, _xlfn.XLOOKUP(1, ('Drop off'!$B$5:$I$5 = G$2) * ('Drop off'!$B$4:$I$4 = $S$2), 'Drop off'!$B$6:$I$14)) * $S$1, "-")} -> 0 | H3: {=IFERROR(_xlfn.XLOOKUP(1, ('Drop off'!$A$6:$A$14 = $C3) * 1, _xlfn.XLOOKUP(1, ('Drop off'!$B$5:$I$5 = H$2) * ('Drop off'!$B$4:$I$4 = $S$2), 'Drop off'!$B$6:$I$14)) * $S$1, "-")} -> 0 | I3: {=IFERROR(_xlfn.XLOOKUP(1, ('ж.д.'!$A$6:$A$14 = $D3) * 1, _xlfn.XLOOKUP(1, ('ж.д.'!$B$5:$M$5 = I$2) * ('ж.д.'!$B$4:$M$4 = $S$2), 'ж.д.'!$B$6:$M$14)), "-")} -> - | J3: {=IFERROR(_xlfn.XLOOKUP(1, ('ж.д.'!$A$6:$A$14 = $D3) * 1, _xlfn.XLOOKUP(1, ('ж.д.'!$B$5:$M$5 = J$2) * ('ж.д.'!$B$4:$M$4 = $S$2), 'ж.д.'!$B$6:$M$14)), "-")} -> - | K3: {=IFERROR(_xlfn.XLOOKUP(1, ('ж.д.'!$A$6:$A$14 = $D3) * 1, _xlfn.XLOOKUP(1, ('ж.д.'!$B$5:$M$5 = K$2) * ('ж.д.'!$B$4:$M$4 = $S$2), 'ж.д.'!$B$6:$M$14)), "-")} -> - | L3: {=IF(ISNUMBER(SEARCH("Транс",$C3)),_xlfn.XLOOKUP(1,('Фрахт Транс'!$A$5:$A$10=$D3)*1,_xlfn.XLOOKUP(1,('Фрахт Транс'!$B$3:$M$3 = $S$2)*('Фрахт Транс'!$B$4:$M$4=L$2),'Фрахт Транс'!$B$5:$M$10)),SUM($E3, $G3, $I3, $O3))} -> 345130 | M3: {=IF(ISNUMBER(SEARCH("Транс",$C3)),_xlfn.XLOOKUP(1,('Фрахт Транс'!$A$5:$A$10=$D3)*1,_xlfn.XLOOKUP(1,('Фрахт Транс'!$B$3:$M$3=$S$2)*('Фрахт Транс'!$B$4:$M$4=M$2),'Фрахт Транс'!$B$5:$M$10)),SUM($E3, $G3, $J3, $O3))} -> 363122 | N3: {=IF(ISNUMBER(SEARCH("Транс",$C3)),_xlfn.XLOOKUP(1,('Фрахт Транс'!$A$5:$A$10=$D3)*1,_xlfn.XLOOKUP(1,('Фрахт Транс'!$B$3:$M$3=$S$2)*('Фрахт Транс'!$B$4:$M$4=N$2),'Фрахт Транс'!$B$5:$M$10)),SUM($F3, $H3, $K3, $P3))} -> 573573 | O3: {=IFERROR(_xlfn.XLOOKUP(1, (Охрана!$A$6:$A$14 = $D3) * 1, _xlfn.XLOOKUP(1, (Охрана!$B$5:$M$5 = O$2) * (Охрана!$B$4:$M$4 = $S$2), Охрана!$B$6:$M$14)), "-")} -> - | P3: {=IFERROR(_xlfn.XLOOKUP(1, (Охрана!$A$6:$A$14 = $D3) * 1, _xlfn.XLOOKUP(1, (Охрана!$B$5:$M$5 = P$2) * (Охрана!$B$4:$M$4 = $S$2), Охрана!$B$6:$M$14)), "-")} -> -
A4: NINGBO | C4: ФЕСКО | D4: ВМТП (Феско) | E4: {=IFERROR(_xlfn.XLOOKUP(1, (Фрахт!$A$5:$A$80 = $A4)* (Фрахт!$B$5:$B$80 = $C4) * (Фрахт!$C$5:$C$80 =$D4), _xlfn.XLOOKUP(1, (Фрахт!$D$4:$E$4 = E$2) * 1, Фрахт!$D$5:$E$80)) * $S$1, "-")} -> 330000 | F4: {=IFERROR(_xlfn.XLOOKUP(1, (Фрахт!$A$5:$A$80 = $A4)* (Фрахт!$B$5:$B$80 = $C4) * (Фрахт!$C$5:$C$80 =$D4), _xlfn.XLOOKUP(1, (Фрахт!$D$4:$E$4 = F$2) * 1, Фрахт!$D$5:$E$80)) * $S$1, "-")} -> 450000 | G4: {=IFERROR(_xlfn.XLOOKUP(1, ('Drop off'!$A$6:$A$14 = $C4) * 1, _xlfn.XLOOKUP(1, ('Drop off'!$B$5:$I$5 = G$2) * ('Drop off'!$B$4:$I$4 = $S$2), 'Drop off'!$B$6:$I$14)) * $S$1, "-")} -> 0 | H4: {=IFERROR(_xlfn.XLOOKUP(1, ('Drop off'!$A$6:$A$14 = $C4) * 1, _xlfn.XLOOKUP(1, ('Drop off'!$B$5:$I$5 = H$2) * ('Drop off'!$B$4:$I$4 = $S$2), 'Drop off'!$B$6:$I$14)) * $S$1, "-")} -> 0 | I4: {=IFERROR(_xlfn.XLOOKUP(1, ('ж.д.'!$A$6:$A$14 = $D4) * 1, _xlfn.XLOOKUP(1, ('ж.д.'!$B$5:$M$5 = I$2) * ('ж.д.'!$B$4:$M$4 = $S$2), 'ж.д.'!$B$6:$M$14)), "-")} -> 144300 | J4: {=IFERROR(_xlfn.XLOOKUP(1, ('ж.д.'!$A$6:$A$14 = $D4) * 1, _xlfn.XLOOKUP(1, ('ж.д.'!$B$5:$M$5 = J$2) * ('ж.д.'!$B$4:$M$4 = $S$2), 'ж.д.'!$B$6:$M$14)), "-")} -> 160305 | K4: {=IFERROR(_xlfn.XLOOKUP(1, ('ж.д.'!$A$6:$A$14 = $D4) * 1, _xlfn.XLOOKUP(1, ('ж.д.'!$B$5:$M$5 = K$2) * ('ж.д.'!$B$4:$M$4 = $S$2), 'ж.д.'!$B$6:$M$14)), "-")} -> 247100 | L4: {=IF(ISNUMBER(SEARCH("Транс",$C4)),_xlfn.XLOOKUP(1,('Фрахт Транс'!$A$5:$A$10=$D4)*1,_xlfn.XLOOKUP(1,('Фрахт Транс'!$B$3:$M$3 = $S$2)*('Фрахт Транс'!$B$4:$M$4=L$2),'Фрахт Транс'!$B$5:$M$10)),SUM($E4, $G4, $I4, $O4))} -> 478444 | M4: {=IF(ISNUMBER(SEARCH("Транс",$C4)),_xlfn.XLOOKUP(1,('Фрахт Транс'!$A$5:$A$10=$D4)*1,_xlfn.XLOOKUP(1,('Фрахт Транс'!$B$3:$M$3=$S$2)*('Фрахт Транс'!$B$4:$M$4=M$2),'Фрахт Транс'!$B$5:$M$10)),SUM($E4, $G4, $J4, $O4))} -> 494449 | N4: {=IF(ISNUMBER(SEARCH("Транс",$C4)),_xlfn.XLOOKUP(1,('Фрахт Транс'!$A$5:$A$10=$D4)*1,_xlfn.XLOOKUP(1,('Фрахт Транс'!$B$3:$M$3=$S$2)*('Фрахт Транс'!$B$4:$M$4=N$2),'Фрахт Транс'!$B$5:$M$10)),SUM($F4, $H4, $K4, $P4))} -> 704651 | O4: {=IFERROR(_xlfn.XLOOKUP(1, (Охрана!$A$6:$A$14 = $D4) * 1, _xlfn.XLOOKUP(1, (Охрана!$B$5:$M$5 = O$2) * (Охрана!$B$4:$M$4 = $S$2), Охрана!$B$6:$M$14)), "-")} -> 4144 | P4: {=IFERROR(_xlfn.XLOOKUP(1, (Охрана!$A$6:$A$14 = $D4) * 1, _xlfn.XLOOKUP(1, (Охрана!$B$5:$M$5 = P$2) * (Охрана!$B$4:$M$4 = $S$2), Охрана!$B$6:$M$14)), "-")} -> 7551
A5: NINGBO | C5: ФЕСКО | D5: ВМТП (Феско ост.) | E5: {=IFERROR(_xlfn.XLOOKUP(1, (Фрахт!$A$5:$A$80 = $A5)* (Фрахт!$B$5:$B$80 = $C5) * (Фрахт!$C$5:$C$80 =$D5), _xlfn.XLOOKUP(1, (Фрахт!$D$4:$E$4 = E$2) * 1, Фрахт!$D$5:$E$80)) * $S$1, "-")} -> 330000 | F5: {=IFERROR(_xlfn.XLOOKUP(1, (Фрахт!$A$5:$A$80 = $A5)* (Фрахт!$B$5:$B$80 = $C5) * (Фрахт!$C$5:$C$80 =$D5), _xlfn.XLOOKUP(1, (Фрахт!$D$4:$E$4 = F$2) * 1, Фрахт!$D$5:$E$80)) * $S$1, "-")} -> 450000 | G5: {=IFERROR(_xlfn.XLOOKUP(1, ('Drop off'!$A$6:$A$14 = $C5) * 1, _xlfn.XLOOKUP(1, ('Drop off'!$B$5:$I$5 = G$2) * ('Drop off'!$B$4:$I$4 = $S$2), 'Drop off'!$B$6:$I$14)) * $S$1, "-")} -> 0 | H5: {=IFERROR(_xlfn.XLOOKUP(1, ('Drop off'!$A$6:$A$14 = $C5) * 1, _xlfn.XLOOKUP(1, ('Drop off'!$B$5:$I$5 = H$2) * ('Drop off'!$B$4:$I$4 = $S$2), 'Drop off'!$B$6:$I$14)) * $S$1, "-")} -> 0 | I5: {=IFERROR(_xlfn.XLOOKUP(1, ('ж.д.'!$A$6:$A$14 = $D5) * 1, _xlfn.XLOOKUP(1, ('ж.д.'!$B$5:$M$5 = I$2) * ('ж.д.'!$B$4:$M$4 = $S$2), 'ж.д.'!$B$6:$M$14)), "-")} -> 150590 | J5: {=IFERROR(_xlfn.XLOOKUP(1, ('ж.д.'!$A$6:$A$14 = $D5) * 1, _xlfn.XLOOKUP(1, ('ж.д.'!$B$5:$M$5 = J$2) * ('ж.д.'!$B$4:$M$4 = $S$2), 'ж.д.'!$B$6:$M$14)), "-")} -> 168355 | K5: {=IFERROR(_xlfn.XLOOKUP(1, ('ж.д.'!$A$6:$A$14 = $D5) * 1, _xlfn.XLOOKUP(1, ('ж.д.'!$B$5:$M$5 = K$2) * ('ж.д.'!$B$4:$M$4 = $S$2), 'ж.д.'!$B$6:$M$14)), "-")} -> 259240 | L5: {=IF(ISNUMBER(SEARCH("Транс",$C5)),_xlfn.XLOOKUP(1,('Фрахт Транс'!$A$5:$A$10=$D5)*1,_xlfn.XLOOKUP(1,('Фрахт Транс'!$B$3:$M$3 = $S$2)*('Фрахт Транс'!$B$4:$M$4=L$2),'Фрахт Транс'!$B$5:$M$10)),SUM($E5, $G5, $I5, $O5))} -> 484734 | M5: {=IF(ISNUMBER(SEARCH("Транс",$C5)),_xlfn.XLOOKUP(1,('Фрахт Транс'!$A$5:$A$10=$D5)*1,_xlfn.XLOOKUP(1,('Фрахт Транс'!$B$3:$M$3=$S$2)*('Фрахт Транс'!$B$4:$M$4=M$2),'Фрахт Транс'!$B$5:$M$10)),SUM($E5, $G5, $J5, $O5))} -> 502499 | N5: {=IF(ISNUMBER(SEARCH("Транс",$C5)),_xlfn.XLOOKUP(1,('Фрахт Транс'!$A$5:$A$10=$D5)*1,_xlfn.XLOOKUP(1,('Фрахт Транс'!$B$3:$M$3=$S$2)*('Фрахт Транс'!$B$4:$M$4=N$2),'Фрахт Транс'!$B$5:$M$10)),SUM($F5, $H5, $K5, $P5))} -> 716791 | O5: {=IFERROR(_xlfn.XLOOKUP(1, (Охрана!$A$6:$A$14 = $D5) * 1, _xlfn.XLOOKUP(1, (Охрана!$B$5:$M$5 = O$2) * (Охрана!$B$4:$M$4 = $S$2), Охрана!$B$6:$M$14)), "-")} -> 4144 | P5: {=IFERROR(_xlfn.XLOOKUP(1, (Охрана!$A$6:$A$14 = $D5) * 1, _xlfn.XLOOKUP(1, (Охрана!$B$5:$M$5 = P$2) * (Охрана!$B$4:$M$4 = $S$2), Охрана!$B$6:$M$14)), "-")} -> 7551
A6: NINGBO | C6: SINOKOR | D6: ВСК | E6: {=IFERROR(_xlfn.XLOOKUP(1, (Фрахт!$A$5:$A$80 = $A6)* (Фрахт!$B$5:$B$80 = $C6) * (Фрахт!$C$5:$C$80 =$D6), _xlfn.XLOOKUP(1, (Фрахт!$D$4:$E$4 = E$2) * 1, Фрахт!$D$5:$E$80)) * $S$1, "-")} -> 283500 | F6: {=IFERROR(_xlfn.XLOOKUP(1, (Фрахт!$A$5:$A$80 = $A6)* (Фрахт!$B$5:$B$80 = $C6) * (Фрахт!$C$5:$C$80 =$D6), _xlfn.XLOOKUP(1, (Фрахт!$D$4:$E$4 = F$2) * 1, Фрахт!$D$5:$E$80)) * $S$1, "-")} -> 472500 | G6: {=IFERROR(_xlfn.XLOOKUP(1, ('Drop off'!$A$6:$A$14 = $C6) * 1, _xlfn.XLOOKUP(1, ('Drop off'!$B$5:$I$5 = G$2) * ('Drop off'!$B$4:$I$4 = $S$2), 'Drop off'!$B$6:$I$14)) * $S$1, "-")} -> 75600 | H6: {=IFERROR(_xlfn.XLOOKUP(1, ('Drop off'!$A$6:$A$14 = $C6) * 1, _xlfn.XLOOKUP(1, ('Drop off'!$B$5:$I$5 = H$2) * ('Drop off'!$B$4:$I$4 = $S$2), 'Drop off'!$B$6:$I$14)) * $S$1, "-")} -> 56700 | I6: {=IFERROR(_xlfn.XLOOKUP(1, ('ж.д.'!$A$6:$A$14 = $D6) * 1, _xlfn.XLOOKUP(1, ('ж.д.'!$B$5:$M$5 = I$2) * ('ж.д.'!$B$4:$M$4 = $S$2), 'ж.д.'!$B$6:$M$14)), "-")} -> 124800 | J6: {=IFERROR(_xlfn.XLOOKUP(1, ('ж.д.'!$A$6:$A$14 = $D6) * 1, _xlfn.XLOOKUP(1, ('ж.д.'!$B$5:$M$5 = J$2) * ('ж.д.'!$B$4:$M$4 = $S$2), 'ж.д.'!$B$6:$M$14)), "-")} -> 143000 | K6: {=IFERROR(_xlfn.XLOOKUP(1, ('ж.д.'!$A$6:$A$14 = $D6) * 1, _xlfn.XLOOKUP(1, ('ж.д.'!$B$5:$M$5 = K$2) * ('ж.д.'!$B$4:$M$4 = $S$2), 'ж.д.'!$B$6:$M$14)), "-")} -> 211800 | L6: {=IF(ISNUMBER(SEARCH("Транс",$C6)),_xlfn.XLOOKUP(1,('Фрахт Транс'!$A$5:$A$10=$D6)*1,_xlfn.XLOOKUP(1,('Фрахт Транс'!$B$3:$M$3 = $S$2)*('Фрахт Транс'!$B$4:$M$4=L$2),'Фрахт Транс'!$B$5:$M$10)),SUM($E6, $G6, $I6, $O6))} -> 487294 | M6: {=IF(ISNUMBER(SEARCH("Транс",$C6)),_xlfn.XLOOKUP(1,('Фрахт Транс'!$A$5:$A$10=$D6)*1,_xlfn.XLOOKUP(1,('Фрахт Транс'!$B$3:$M$3=$S$2)*('Фрахт Транс'!$B$4:$M$4=M$2),'Фрахт Транс'!$B$5:$M$10)),SUM($E6, $G6, $J6, $O6))} -> 505494 | N6: {=IF(ISNUMBER(SEARCH("Транс",$C6)),_xlfn.XLOOKUP(1,('Фрахт Транс'!$A$5:$A$10=$D6)*1,_xlfn.XLOOKUP(1,('Фрахт Транс'!$B$3:$M$3=$S$2)*('Фрахт Транс'!$B$4:$M$4=N$2),'Фрахт Транс'!$B$5:$M$10)),SUM($F6, $H6, $K6, $P6))} -> 747801 | O6: {=IFERROR(_xlfn.XLOOKUP(1, (Охрана!$A$6:$A$14 = $D6) * 1, _xlfn.XLOOKUP(1, (Охрана!$B$5:$M$5 = O$2) * (Охрана!$B$4:$M$4 = $S$2), Охрана!$B$6:$M$14)), "-")} -> 3394 | P6: {=IFERROR(_xlfn.XLOOKUP(1, (Охрана!$A$6:$A$14 = $D6) * 1, _xlfn.XLOOKUP(1, (Охрана!$B$5:$M$5 = P$2) * (Охрана!$B$4:$M$4 = $S$2), Охрана!$B$6:$M$14)), "-")} -> 6801
A7: NINGBO | C7: SINOKOR | D7: ВМТП | E7: {=IFERROR(_xlfn.XLOOKUP(1, (Фрахт!$A$5:$A$80 = $A7)* (Фрахт!$B$5:$B$80 = $C7) * (Фрахт!$C$5:$C$80 =$D7), _xlfn.XLOOKUP(1, (Фрахт!$D$4:$E$4 = E$2) * 1, Фрахт!$D$5:$E$80)) * $S$1, "-")} -> 283500 | F7: {=IFERROR(_xlfn.XLOOKUP(1, (Фрахт!$A$5:$A$80 = $A7)* (Фрахт!$B$5:$B$80 = $C7) * (Фрахт!$C$5:$C$80 =$D7), _xlfn.XLOOKUP(1, (Фрахт!$D$4:$E$4 = F$2) * 1, Фрахт!$D$5:$E$80)) * $S$1, "-")} -> 472500 | G7: {=IFERROR(_xlfn.XLOOKUP(1, ('Drop off'!$A$6:$A$14 = $C7) * 1, _xlfn.XLOOKUP(1, ('Drop off'!$B$5:$I$5 = G$2) * ('Drop off'!$B$4:$I$4 = $S$2), 'Drop off'!$B$6:$I$14)) * $S$1, "-")} -> 75600 | H7: {=IFERROR(_xlfn.XLOOKUP(1, ('Drop off'!$A$6:$A$14 = $C7) * 1, _xlfn.XLOOKUP(1, ('Drop off'!$B$5:$I$5 = H$2) * ('Drop off'!$B$4:$I$4 = $S$2), 'Drop off'!$B$6:$I$14)) * $S$1, "-")} -> 56700 | I7: {=IFERROR(_xlfn.XLOOKUP(1, ('ж.д.'!$A$6:$A$14 = $D7) * 1, _xlfn.XLOOKUP(1, ('ж.д.'!$B$5:$M$5 = I$2) * ('ж.д.'!$B$4:$M$4 = $S$2), 'ж.д.'!$B$6:$M$14)), "-")} -> 125800 | J7: {=IFERROR(_xlfn.XLOOKUP(1, ('ж.д.'!$A$6:$A$14 = $D7) * 1, _xlfn.XLOOKUP(1, ('ж.д.'!$B$5:$M$5 = J$2) * ('ж.д.'!$B$4:$M$4 = $S$2), 'ж.д.'!$B$6:$M$14)), "-")} -> 141805 | K7: {=IFERROR(_xlfn.XLOOKUP(1, ('ж.д.'!$A$6:$A$14 = $D7) * 1, _xlfn.XLOOKUP(1, ('ж.д.'!$B$5:$M$5 = K$2) * ('ж.д.'!$B$4:$M$4 = $S$2), 'ж.д.'!$B$6:$M$14)), "-")} -> 211100 | L7: {=IF(ISNUMBER(SEARCH("Транс",$C7)),_xlfn.XLOOKUP(1,('Фрахт Транс'!$A$5:$A$10=$D7)*1,_xlfn.XLOOKUP(1,('Фрахт Транс'!$B$3:$M$3 = $S$2)*('Фрахт Транс'!$B$4:$M$4=L$2),'Фрахт Транс'!$B$5:$M$10)),SUM($E7, $G7, $I7, $O7))} -> 489044 | M7: {=IF(ISNUMBER(SEARCH("Транс",$C7)),_xlfn.XLOOKUP(1,('Фрахт Транс'!$A$5:$A$10=$D7)*1,_xlfn.XLOOKUP(1,('Фрахт Транс'!$B$3:$M$3=$S$2)*('Фрахт Транс'!$B$4:$M$4=M$2),'Фрахт Транс'!$B$5:$M$10)),SUM($E7, $G7, $J7, $O7))} -> 505049 | N7: {=IF(ISNUMBER(SEARCH("Транс",$C7)),_xlfn.XLOOKUP(1,('Фрахт Транс'!$A$5:$A$10=$D7)*1,_xlfn.XLOOKUP(1,('Фрахт Транс'!$B$3:$M$3=$S$2)*('Фрахт Транс'!$B$4:$M$4=N$2),'Фрахт Транс'!$B$5:$M$10)),SUM($F7, $H7, $K7, $P7))} -> 747851 | O7: {=IFERROR(_xlfn.XLOOKUP(1, (Охрана!$A$6:$A$14 = $D7) * 1, _xlfn.XLOOKUP(1, (Охрана!$B$5:$M$5 = O$2) * (Охрана!$B$4:$M$4 = $S$2), Охрана!$B$6:$M$14)), "-")} -> 4144 | P7: {=IFERROR(_xlfn.XLOOKUP(1, (Охрана!$A$6:$A$14 = $D7) * 1, _xlfn.XLOOKUP(1, (Охрана!$B$5:$M$5 = P$2) * (Охрана!$B$4:$M$4 = $S$2), Охрана!$B$6:$M$14)), "-")} -> 7551
A8: NINGBO | C8: SINOKOR | D8: ВМКТ | E8: {=IFERROR(_xlfn.XLOOKUP(1, (Фрахт!$A$5:$A$80 = $A8)* (Фрахт!$B$5:$B$80 = $C8) * (Фрахт!$C$5:$C$80 =$D8), _xlfn.XLOOKUP(1, (Фрахт!$D$4:$E$4 = E$2) * 1, Фрахт!$D$5:$E$80)) * $S$1, "-")} -> 283500 | F8: {=IFERROR(_xlfn.XLOOKUP(1, (Фрахт!$A$5:$A$80 = $A8)* (Фрахт!$B$5:$B$80 = $C8) * (Фрахт!$C$5:$C$80 =$D8), _xlfn.XLOOKUP(1, (Фрахт!$D$4:$E$4 = F$2) * 1, Фрахт!$D$5:$E$80)) * $S$1, "-")} -> 472500 | G8: {=IFERROR(_xlfn.XLOOKUP(1, ('Drop off'!$A$6:$A$14 = $C8) * 1, _xlfn.XLOOKUP(1, ('Drop off'!$B$5:$I$5 = G$2) * ('Drop off'!$B$4:$I$4 = $S$2), 'Drop off'!$B$6:$I$14)) * $S$1, "-")} -> 75600 | H8: {=IFERROR(_xlfn.XLOOKUP(1, ('Drop off'!$A$6:$A$14 = $C8) * 1, _xlfn.XLOOKUP(1, ('Drop off'!$B$5:$I$5 = H$2) * ('Drop off'!$B$4:$I$4 = $S$2), 'Drop off'!$B$6:$I$14)) * $S$1, "-")} -> 56700 | I8: {=IFERROR(_xlfn.XLOOKUP(1, ('ж.д.'!$A$6:$A$14 = $D8) * 1, _xlfn.XLOOKUP(1, ('ж.д.'!$B$5:$M$5 = I$2) * ('ж.д.'!$B$4:$M$4 = $S$2), 'ж.д.'!$B$6:$M$14)), "-")} -> 120000 | J8: {=IFERROR(_xlfn.XLOOKUP(1, ('ж.д.'!$A$6:$A$14 = $D8) * 1, _xlfn.XLOOKUP(1, ('ж.д.'!$B$5:$M$5 = J$2) * ('ж.д.'!$B$4:$M$4 = $S$2), 'ж.д.'!$B$6:$M$14)), "-")} -> 137000 | K8: {=IFERROR(_xlfn.XLOOKUP(1, ('ж.д.'!$A$6:$A$14 = $D8) * 1, _xlfn.XLOOKUP(1, ('ж.д.'!$B$5:$M$5 = K$2) * ('ж.д.'!$B$4:$M$4 = $S$2), 'ж.д.'!$B$6:$M$14)), "-")} -> 200000 | L8: {=IF(ISNUMBER(SEARCH("Транс",$C8)),_xlfn.XLOOKUP(1,('Фрахт Транс'!$A$5:$A$10=$D8)*1,_xlfn.XLOOKUP(1,('Фрахт Транс'!$B$3:$M$3 = $S$2)*('Фрахт Транс'!$B$4:$M$4=L$2),'Фрахт Транс'!$B$5:$M$10)),SUM($E8, $G8, $I8, $O8))} -> 483200 | M8: {=IF(ISNUMBER(SEARCH("Транс",$C8)),_xlfn.XLOOKUP(1,('Фрахт Транс'!$A$5:$A$10=$D8)*1,_xlfn.XLOOKUP(1,('Фрахт Транс'!$B$3:$M$3=$S$2)*('Фрахт Транс'!$B$4:$M$4=M$2),'Фрахт Транс'!$B$5:$M$10)),SUM($E8, $G8, $J8, $O8))} -> 500200 | N8: {=IF(ISNUMBER(SEARCH("Транс",$C8)),_xlfn.XLOOKUP(1,('Фрахт Транс'!$A$5:$A$10=$D8)*1,_xlfn.XLOOKUP(1,('Фрахт Транс'!$B$3:$M$3=$S$2)*('Фрахт Транс'!$B$4:$M$4=N$2),'Фрахт Транс'!$B$5:$M$10)),SUM($F8, $H8, $K8, $P8))} -> 737400 | O8: {=IFERROR(_xlfn.XLOOKUP(1, (Охрана!$A$6:$A$14 = $D8) * 1, _xlfn.XLOOKUP(1, (Охрана!$B$5:$M$5 = O$2) * (Охрана!$B$4:$M$4 = $S$2), Охрана!$B$6:$M$14)), "-")} -> 4100 | P8: {=IFERROR(_xlfn.XLOOKUP(1, (Охрана!$A$6:$A$14 = $D8) * 1, _xlfn.XLOOKUP(1, (Охрана!$B$5:$M$5 = P$2) * (Охрана!$B$4:$M$4 = $S$2), Охрана!$B$6:$M$14)), "-")} -> 8200
A9: NINGBO | C9: HUAXIN | D9: СОЛЛЕРС | E9: {=IFERROR(_xlfn.XLOOKUP(1, (Фрахт!$A$5:$A$80 = $A9)* (Фрахт!$B$5:$B$80 = $C9) * (Фрахт!$C$5:$C$80 =$D9), _xlfn.XLOOKUP(1, (Фрахт!$D$4:$E$4 = E$2) * 1, Фрахт!$D$5:$E$80)) * $S$1, "-")} -> 260160 | F9: {=IFERROR(_xlfn.XLOOKUP(1, (Фрахт!$A$5:$A$80 = $A9)* (Фрахт!$B$5:$B$80 = $C9) * (Фрахт!$C$5:$C$80 =$D9), _xlfn.XLOOKUP(1, (Фрахт!$D$4:$E$4 = F$2) * 1, Фрахт!$D$5:$E$80)) * $S$1, "-")} -> 436320 | G9: {=IFERROR(_xlfn.XLOOKUP(1, ('Drop off'!$A$6:$A$14 = $C9) * 1, _xlfn.XLOOKUP(1, ('Drop off'!$B$5:$I$5 = G$2) * ('Drop off'!$B$4:$I$4 = $S$2), 'Drop off'!$B$6:$I$14)) * $S$1, "-")} -> 0 | H9: {=IFERROR(_xlfn.XLOOKUP(1, ('Drop off'!$A$6:$A$14 = $C9) * 1, _xlfn.XLOOKUP(1, ('Drop off'!$B$5:$I$5 = H$2) * ('Drop off'!$B$4:$I$4 = $S$2), 'Drop off'!$B$6:$I$14)) * $S$1, "-")} -> 0 | I9: {=IFERROR(_xlfn.XLOOKUP(1, ('ж.д.'!$A$6:$A$14 = $D9) * 1, _xlfn.XLOOKUP(1, ('ж.д.'!$B$5:$M$5 = I$2) * ('ж.д.'!$B$4:$M$4 = $S$2), 'ж.д.'!$B$6:$M$14)), "-")} -> 107400 | J9: {=IFERROR(_xlfn.XLOOKUP(1, ('ж.д.'!$A$6:$A$14 = $D9) * 1, _xlfn.XLOOKUP(1, ('ж.д.'!$B$5:$M$5 = J$2) * ('ж.д.'!$B$4:$M$4 = $S$2), 'ж.д.'!$B$6:$M$14)), "-")} -> 123400 | K9: {=IFERROR(_xlfn.XLOOKUP(1, ('ж.д.'!$A$6:$A$14 = $D9) * 1, _xlfn.XLOOKUP(1, ('ж.д.'!$B$5:$M$5 = K$2) * ('ж.д.'!$B$4:$M$4 = $S$2), 'ж.д.'!$B$6:$M$14)), "-")} -> 187400 | L9: {=IF(ISNUMBER(SEARCH("Транс",$C9)),_xlfn.XLOOKUP(1,('Фрахт Транс'!$A$5:$A$10=$D9)*1,_xlfn.XLOOKUP(1,('Фрахт Транс'!$B$3:$M$3 = $S$2)*('Фрахт Транс'!$B$4:$M$4=L$2),'Фрахт Транс'!$B$5:$M$10)),SUM($E9, $G9, $I9, $O9))} -> 370954 | M9: {=IF(ISNUMBER(SEARCH("Транс",$C9)),_xlfn.XLOOKUP(1,('Фрахт Транс'!$A$5:$A$10=$D9)*1,_xlfn.XLOOKUP(1,('Фрахт Транс'!$B$3:$M$3=$S$2)*('Фрахт Транс'!$B$4:$M$4=M$2),'Фрахт Транс'!$B$5:$M$10)),SUM($E9, $G9, $J9, $O9))} -> 386954 | N9: {=IF(ISNUMBER(SEARCH("Транс",$C9)),_xlfn.XLOOKUP(1,('Фрахт Транс'!$A$5:$A$10=$D9)*1,_xlfn.XLOOKUP(1,('Фрахт Транс'!$B$3:$M$3=$S$2)*('Фрахт Транс'!$B$4:$M$4=N$2),'Фрахт Транс'!$B$5:$M$10)),SUM($F9, $H9, $K9, $P9))} -> 630521 | O9: {=IFERROR(_xlfn.XLOOKUP(1, (Охрана!$A$6:$A$14 = $D9) * 1, _xlfn.XLOOKUP(1, (Охрана!$B$5:$M$5 = O$2) * (Охрана!$B$4:$M$4 = $S$2), Охрана!$B$6:$M$14)), "-")} -> 3394 | P9: {=IFERROR(_xlfn.XLOOKUP(1, (Охрана!$A$6:$A$14 = $D9) * 1, _xlfn.XLOOKUP(1, (Охрана!$B$5:$M$5 = P$2) * (Охрана!$B$4:$M$4 = $S$2), Охрана!$B$6:$M$14)), "-")} -> 6801
A10: NINGBO | C10: ТоргМолл | D10: ВСК | E10: {=IFERROR(_xlfn.XLOOKUP(1, (Фрахт!$A$5:$A$80 = $A10)* (Фрахт!$B$5:$B$80 = $C10) * (Фрахт!$C$5:$C$80 =$D10), _xlfn.XLOOKUP(1, (Фрахт!$D$4:$E$4 = E$2) * 1, Фрахт!$D$5:$E$80)) * $S$1, "-")} -> 216000 | F10: {=IFERROR(_xlfn.XLOOKUP(1, (Фрахт!$A$5:$A$80 = $A10)* (Фрахт!$B$5:$B$80 = $C10) * (Фрахт!$C$5:$C$80 =$D10), _xlfn.XLOOKUP(1, (Фрахт!$D$4:$E$4 = F$2) * 1, Фрахт!$D$5:$E$80)) * $S$1, "-")} -> 384000 | G10: {=IFERROR(_xlfn.XLOOKUP(1, ('Drop off'!$A$6:$A$14 = $C10) * 1, _xlfn.XLOOKUP(1, ('Drop off'!$B$5:$I$5 = G$2) * ('Drop off'!$B$4:$I$4 = $S$2), 'Drop off'!$B$6:$I$14)) * $S$1, "-")} -> 0 | H10: {=IFERROR(_xlfn.XLOOKUP(1, ('Drop off'!$A$6:$A$14 = $C10) * 1, _xlfn.XLOOKUP(1, ('Drop off'!$B$5:$I$5 = H$2) * ('Drop off'!$B$4:$I$4 = $S$2), 'Drop off'!$B$6:$I$14)) * $S$1, "-")} -> 0 | I10: {=IFERROR(_xlfn.XLOOKUP(1, ('ж.д.'!$A$6:$A$14 = $D10) * 1, _xlfn.XLOOKUP(1, ('ж.д.'!$B$5:$M$5 = I$2) * ('ж.д.'!$B$4:$M$4 = $S$2), 'ж.д.'!$B$6:$M$14)), "-")} -> 124800 | J10: {=IFERROR(_xlfn.XLOOKUP(1, ('ж.д.'!$A$6:$A$14 = $D10) * 1, _xlfn.XLOOKUP(1, ('ж.д.'!$B$5:$M$5 = J$2) * ('ж.д.'!$B$4:$M$4 = $S$2), 'ж.д.'!$B$6:$M$14)), "-")} -> 143000 | K10: {=IFERROR(_xlfn.XLOOKUP(1, ('ж.д.'!$A$6:$A$14 = $D10) * 1, _xlfn.XLOOKUP(1, ('ж.д.'!$B$5:$M$5 = K$2) * ('ж.д.'!$B$4:$M$4 = $S$2), 'ж.д.'!$B$6:$M$14)), "-")} -> 211800 | L10: {=IF(ISNUMBER(SEARCH("Транс",$C10)),_xlfn.XLOOKUP(1,('Фрахт Транс'!$A$5:$A$10=$D10)*1,_xlfn.XLOOKUP(1,('Фрахт Транс'!$B$3:$M$3 = $S$2)*('Фрахт Транс'!$B$4:$M$4=L$2),'Фрахт Транс'!$B$5:$M$10)),SUM($E10, $G10, $I10, $O10))} -> 344194 | M10: {=IF(ISNUMBER(SEARCH("Транс",$C10)),_xlfn.XLOOKUP(1,('Фрахт Транс'!$A$5:$A$10=$D10)*1,_xlfn.XLOOKUP(1,('Фрахт Транс'!$B$3:$M$3=$S$2)*('Фрахт Транс'!$B$4:$M$4=M$2),'Фрахт Транс'!$B$5:$M$10)),SUM($E10, $G10, $J10, $O10))} -> 362394 | N10: {=IF(ISNUMBER(SEARCH("Транс",$C10)),_xlfn.XLOOKUP(1,('Фрахт Транс'!$A$5:$A$10=$D10)*1,_xlfn.XLOOKUP(1,('Фрахт Транс'!$B$3:$M$3=$S$2)*('Фрахт Транс'!$B$4:$M$4=N$2),'Фрахт Транс'!$B$5:$M$10)),SUM($F10, $H10, $K10, $P10))} -> 602601 | O10: {=IFERROR(_xlfn.XLOOKUP(1, (Охрана!$A$6:$A$14 = $D10) * 1, _xlfn.XLOOKUP(1, (Охрана!$B$5:$M$5 = O$2) * (Охрана!$B$4:$M$4 = $S$2), Охрана!$B$6:$M$14)), "-")} -> 3394 | P10: {=IFERROR(_xlfn.XLOOKUP(1, (Охрана!$A$6:$A$14 = $D10) * 1, _xlfn.XLOOKUP(1, (Охрана!$B$5:$M$5 = P$2) * (Охрана!$B$4:$M$4 = $S$2), Охрана!$B$6:$M$14)), "-")} -> 6801
A11: NINGBO | C11: SASCO | D11: ВМКТ | E11: {=IFERROR(_xlfn.XLOOKUP(1, (Фрахт!$A$5:$A$80 = $A11)* (Фрахт!$B$5:$B$80 = $C11) * (Фрахт!$C$5:$C$80 =$D11), _xlfn.XLOOKUP(1, (Фрахт!$D$4:$E$4 = E$2) * 1, Фрахт!$D$5:$E$80)) * $S$1, "-")} -> 315000 | F11: {=IFERROR(_xlfn.XLOOKUP(1, (Фрахт!$A$5:$A$80 = $A11)* (Фрахт!$B$5:$B$80 = $C11) * (Фрахт!$C$5:$C$80 =$D11), _xlfn.XLOOKUP(1, (Фрахт!$D$4:$E$4 = F$2) * 1, Фрахт!$D$5:$E$80)) * $S$1, "-")} -> 420000 | G11: {=IFERROR(_xlfn.XLOOKUP(1, ('Drop off'!$A$6:$A$14 = $C11) * 1, _xlfn.XLOOKUP(1, ('Drop off'!$B$5:$I$5 = G$2) * ('Drop off'!$B$4:$I$4 = $S$2), 'Drop off'!$B$6:$I$14)) * $S$1, "-")} -> 0 | H11: {=IFERROR(_xlfn.XLOOKUP(1, ('Drop off'!$A$6:$A$14 = $C11) * 1, _xlfn.XLOOKUP(1, ('Drop off'!$B$5:$I$5 = H$2) * ('Drop off'!$B$4:$I$4 = $S$2), 'Drop off'!$B$6:$I$14)) * $S$1, "-")} -> 0 | I11: {=IFERROR(_xlfn.XLOOKUP(1, ('ж.д.'!$A$6:$A$14 = $D11) * 1, _xlfn.XLOOKUP(1, ('ж.д.'!$B$5:$M$5 = I$2) * ('ж.д.'!$B$4:$M$4 = $S$2), 'ж.д.'!$B$6:$M$14)), "-")} -> 120000 | J11: {=IFERROR(_xlfn.XLOOKUP(1, ('ж.д.'!$A$6:$A$14 = $D11) * 1, _xlfn.XLOOKUP(1, ('ж.д.'!$B$5:$M$5 = J$2) * ('ж.д.'!$B$4:$M$4 = $S$2), 'ж.д.'!$B$6:$M$14)), "-")} -> 137000 | K11: {=IFERROR(_xlfn.XLOOKUP(1, ('ж.д.'!$A$6:$A$14 = $D11) * 1, _xlfn.XLOOKUP(1, ('ж.д.'!$B$5:$M$5 = K$2) * ('ж.д.'!$B$4:$M$4 = $S$2), 'ж.д.'!$B$6:$M$14)), "-")} -> 200000 | L11: {=IF(ISNUMBER(SEARCH("Транс",$C11)),_xlfn.XLOOKUP(1,('Фрахт Транс'!$A$5:$A$10=$D11)*1,_xlfn.XLOOKUP(1,('Фрахт Транс'!$B$3:$M$3 = $S$2)*('Фрахт Транс'!$B$4:$M$4=L$2),'Фрахт Транс'!$B$5:$M$10)),SUM($E11, $G11, $I11, $O11))} -> 439100 | M11: {=IF(ISNUMBER(SEARCH("Транс",$C11)),_xlfn.XLOOKUP(1,('Фрахт Транс'!$A$5:$A$10=$D11)*1,_xlfn.XLOOKUP(1,('Фрахт Транс'!$B$3:$M$3=$S$2)*('Фрахт Транс'!$B$4:$M$4=M$2),'Фрахт Транс'!$B$5:$M$10)),SUM($E11, $G11, $J11, $O11))} -> 456100 | N11: {=IF(ISNUMBER(SEARCH("Транс",$C11)),_xlfn.XLOOKUP(1,('Фрахт Транс'!$A$5:$A$10=$D11)*1,_xlfn.XLOOKUP(1,('Фрахт Транс'!$B$3:$M$3=$S$2)*('Фрахт Транс'!$B$4:$M$4=N$2),'Фрахт Транс'!$B$5:$M$10)),SUM($F11, $H11, $K11, $P11))} -> 628200 | O11: {=IFERROR(_xlfn.XLOOKUP(1, (Охрана!$A$6:$A$14 = $D11) * 1, _xlfn.XLOOKUP(1, (Охрана!$B$5:$M$5 = O$2) * (Охрана!$B$4:$M$4 = $S$2), Охрана!$B$6:$M$14)), "-")} -> 4100 | P11: {=IFERROR(_xlfn.XLOOKUP(1, (Охрана!$A$6:$A$14 = $D11) * 1, _xlfn.XLOOKUP(1, (Охрана!$B$5:$M$5 = P$2) * (Охрана!$B$4:$M$4 = $S$2), Охрана!$B$6:$M$14)), "-")} -> 8200
A12: SHANGHAI | B12: SHANGHAI | C12: Трансконтейнер (Сквозной сервис) | D12: ВСК (ТК) Shanghai | E12: {=IFERROR(_xlfn.XLOOKUP(1, (Фрахт!$A$5:$A$80 = $A12)* (Фрахт!$B$5:$B$80 = $C12) * (Фрахт!$C$5:$C$80 =$D12), _xlfn.XLOOKUP(1, (Фрахт!$D$4:$E$4 = E$2) * 1, Фрахт!$D$5:$E$80)) * $S$1, "-")} -> - | F12: {=IFERROR(_xlfn.XLOOKUP(1, (Фрахт!$A$5:$A$80 = $A12)* (Фрахт!$B$5:$B$80 = $C12) * (Фрахт!$C$5:$C$80 =$D12), _xlfn.XLOOKUP(1, (Фрахт!$D$4:$E$4 = F$2) * 1, Фрахт!$D$5:$E$80)) * $S$1, "-")} -> - | G12: {=IFERROR(_xlfn.XLOOKUP(1, ('Drop off'!$A$6:$A$14 = $C12) * 1, _xlfn.XLOOKUP(1, ('Drop off'!$B$5:$I$5 = G$2) * ('Drop off'!$B$4:$I$4 = $S$2), 'Drop off'!$B$6:$I$14)) * $S$1, "-")} -> 0 | H12: {=IFERROR(_xlfn.XLOOKUP(1, ('Drop off'!$A$6:$A$14 = $C12) * 1, _xlfn.XLOOKUP(1, ('Drop off'!$B$5:$I$5 = H$2) * ('Drop off'!$B$4:$I$4 = $S$2), 'Drop off'!$B$6:$I$14)) * $S$1, "-")} -> 0 | I12: {=IFERROR(_xlfn.XLOOKUP(1, ('ж.д.'!$A$6:$A$14 = $D12) * 1, _xlfn.XLOOKUP(1, ('ж.д.'!$B$5:$M$5 = I$2) * ('ж.д.'!$B$4:$M$4 = $S$2), 'ж.д.'!$B$6:$M$14)), "-")} -> - | J12: {=IFERROR(_xlfn.XLOOKUP(1, ('ж.д.'!$A$6:$A$14 = $D12) * 1, _xlfn.XLOOKUP(1, ('ж.д.'!$B$5:$M$5 = J$2) * ('ж.д.'!$B$4:$M$4 = $S$2), 'ж.д.'!$B$6:$M$14)), "-")} -> - | K12: {=IFERROR(_xlfn.XLOOKUP(1, ('ж.д.'!$A$6:$A$14 = $D12) * 1, _xlfn.XLOOKUP(1, ('ж.д.'!$B$5:$M$5 = K$2) * ('ж.д.'!$B$4:$M$4 = $S$2), 'ж.д.'!$B$6:$M$14)), "-")} -> - | L12: {=IF(ISNUMBER(SEARCH("Транс",$C12)),_xlfn.XLOOKUP(1,('Фрахт Транс'!$A$5:$A$10=$D12)*1,_xlfn.XLOOKUP(1,('Фрахт Транс'!$B$3:$M$3 = $S$2)*('Фрахт Транс'!$B$4:$M$4=L$2),'Фрахт Транс'!$B$5:$M$10)),SUM($E12, $G12, $I12, $O12))} -> 346960 | M12: {=IF(ISNUMBER(SEARCH("Транс",$C12)),_xlfn.XLOOKUP(1,('Фрахт Транс'!$A$5:$A$10=$D12)*1,_xlfn.XLOOKUP(1,('Фрахт Транс'!$B$3:$M$3=$S$2)*('Фрахт Транс'!$B$4:$M$4=M$2),'Фрахт Транс'!$B$5:$M$10)),SUM($E12, $G12, $J12, $O12))} -> 364952 | N12: {=IF(ISNUMBER(SEARCH("Транс",$C12)),_xlfn.XLOOKUP(1,('Фрахт Транс'!$A$5:$A$10=$D12)*1,_xlfn.XLOOKUP(1,('Фрахт Транс'!$B$3:$M$3=$S$2)*('Фрахт Транс'!$B$4:$M$4=N$2),'Фрахт Транс'!$B$5:$M$10)),SUM($F12, $H12, $K12, $P12))} -> 527213 | O12: {=IFERROR(_xlfn.XLOOKUP(1, (Охрана!$A$6:$A$14 = $D12) * 1, _xlfn.XLOOKUP(1, (Охрана!$B$5:$M$5 = O$2) * (Охрана!$B$4:$M$4 = $S$2), Охрана!$B$6:$M$14)), "-")} -> - | P12: {=IFERROR(_xlfn.XLOOKUP(1, (Охрана!$A$6:$A$14 = $D12) * 1, _xlfn.XLOOKUP(1, (Охрана!$B$5:$M$5 = P$2) * (Охрана!$B$4:$M$4 = $S$2), Охрана!$B$6:$M$14)), "-")} -> -
