Workbook

Sheet задание
A1: "Требуется поставить продукт в разные города. Фирмы А, В и С предложили cвои прайс-листы на перевозку. (в зависимости от объемов поставки)
A3: Фирма А имеет тариф 1,12 за перевозку, т.е. стоимость перевозки: цена за 1 кг * кол-во кг * 1,12.
A5: Фирма В дала скидку 5%, в прайс-листе цены указаны без скидки.
A7: Фирма С имеет тариф 1,12 за перевозку и при определении стоимости перевозки использует коэффициент города, т.е. стоимость перевозки: цена за 1 кг * кол-во кг * 1,12 * коэф. города.
A9: Чье предложение, учитывая потребность, указанную на листе demand, выгоднее? Насколько выгоднее?

Sheet price A
B1: 10 кг/ цена за 1 кг | C1: 20 кг/ цена за 1 кг | D1: 50 кг/ цена за 1 кг
A2: кг | B2: =10 -> 10 | C2: =20 -> 20 | D2: =50 -> 50
A3: Абакан | B3: 400 | C3: =B3*0.98 -> 392 | D3: =B3*0.95 -> 380
A4: Архангельск | B4: 450 | C4: =B4*0.98 -> 441 | D4: 428
A5: Астрахань | B5: 700 | C5: =B5*0.98 -> 686 | D5: =B5*0.95 -> 665
A6: Барнаул | B6: 400 | C6: =B6*0.98 -> 392 | D6: =B6*0.95 -> 380
A7: Белгород | B7: 400 | C7: =B7*0.98 -> 392 | D7: =B7*0.95 -> 380
A8: Благовещенск | B8: 400 | C8: =B8*0.98 -> 392 | D8: =B8*0.95 -> 380
A9: Брянск | B9: 570 | C9: 559 | D9: 542
A10: Великие Луки | B10: 700 | C10: =B10*0.98 -> 686 | D10: =B10*0.95 -> 665
A11: Великий Устюг | B11: 600 | C11: =B11*0.98 -> 588 | D11: =B11*0.95 -> 570
A12: Винница | B12: 550 | C12: =B12*0.98 -> 539 | D12: 522
A13: Владивосток | B13: 700 | C13: =B13*0.98 -> 686 | D13: =B13*0.95 -> 665
A14: Владимир | B14: 450 | C14: =B14*0.98 -> 441 | D14: 428
A15: Вологда | B15: 500 | C15: =B15*0.98 -> 490 | D15: =B15*0.95 -> 475
A16: Воркута | B16: 600 | C16: =B16*0.98 -> 588 | D16: =B16*0.95 -> 570
A17: Воронеж | B17: 450 | C17: =B17*0.98 -> 441 | D17: 428
A18: Выборг | B18: 500 | C18: =B18*0.98 -> 490 | D18: =B18*0.95 -> 475
A19: Гдов | B19: 450 | C19: =B19*0.98 -> 441 | D19: 428
A20: Гомель | B20: 1200 | C20: =B20*0.98 -> 1176 | D20: =B20*0.95 -> 1140
A21: Гродно | B21: 1200 | C21: =B21*0.98 -> 1176 | D21: =B21*0.95 -> 1140
A22: Днепропетровск | B22: 1300 | C22: =B22*0.98 -> 1274 | D22: =B22*0.95 -> 1235
A23: Донецк | B23: 1300 | C23: =B23*0.98 -> 1274 | D23: =B23*0.95 -> 1235
A24: Дубна | B24: 1500 | C24: =B24*0.98 -> 1470 | D24: =B24*0.95 -> 1425
A25: Ейск | B25: 450 | C25: =B25*0.98 -> 441 | D25: 428
A26: Екатеринбург | B26: 450 | C26: =B26*0.98 -> 441 | D26: 428
A27: др города | B27: 700 | C27: =B27*0.98 -> 686 | D27: =B27*0.95 -> 665

Sheet price B
B1: 10 кг/ цена за 1 кг | C1: 20 кг/ цена за 1 кг | D1: 50 кг/ цена за 1 кг
A2: кг | B2: =10 -> 10 | C2: =20 -> 20 | D2: =50 -> 50
A3: Абакан | B3: 420 | C3: 420 | D3: 399
A4: Архангельск | B4: 473 | C4: 473 | D4: 449
A5: Астрахань | B5: 735 | C5: 735 | D5: 698
A6: Барнаул | B6: 420 | C6: 420 | D6: 399
A7: Белгород | B7: 420 | C7: 420 | D7: 399
A8: Благовещенск | B8: 420 | C8: 420 | D8: 399
A9: Брянск | B9: 599 | C9: 599 | D9: 569
A10: Великие Луки | B10: 735 | C10: 735 | D10: 698
A11: Великий Устюг | B11: 630 | C11: 630 | D11: 599
A12: Винница | B12: 578 | C12: 578 | D12: 549
A13: Владивосток | B13: 735 | C13: 735 | D13: 698
A14: Владимир | B14: 473 | C14: 473 | D14: 449
... A27: др города | B27: 735 | C27: 735 | D27: 698

Sheet price C
B1: 10 кг/ цена за 1 кг | C1: 20 кг/ цена за 1 кг | D1: 50 кг/ цена за 1 кг
A2: кг | B2: =10 -> 10 | C2: =20 -> 20 | D2: =50 -> 50
A3: Абакан | B3: 450 | C3: 430 | D3: 400 | E3: 0.95
A4: Архангельск | B4: 450 | C4: 430 | D4: 400 | E4: 0.98
A5: Астрахань | B5: 450 | C5: 430 | D5: 400 | E5: 2
A6: Барнаул | B6: 450 | C6: 430 | D6: 400 | E6: 0.5
A7: Белгород | B7: 450 | C7: 430 | D7: 400 | E7: 1.2
A8: Благовещенск | B8: 450 | C8: 430 | D8: 400 | E8: 1
A9: Брянск | B9: 450 | C9: 430 | D9: 400 | E9: 1.3
A10: Великие Луки | B10: 450 | C10: 430 | D10: 400 | E10: 2
A11: Великий Устюг | B11: 450 | C11: 430 | D11: 400 | E11: 0.95
A12: Винница | B12: 450 | C12: 430 | D12: 400 | E12: 0.9
A13: Владивосток | B13: 450 | C13: 430 | D13: 400 | E13: 0.9
A14: Владимир | B14: 450 | C14: 430 | D14: 400 | E14: 1.5
... A27: др города | B27: 450 | C27: 430 | D27: 400 | E27: 1.5

Sheet demand
B1: потребность, кг | C1: Стоимость с Фирмой A | D1: Итог с Фирмой A | E1: Стоимость с Фирмой B | F1: Итог с Фирмой B | G1: Стоимость с Фирмой С | H1: Коэф. Города Фирмы C | I1: Итог с Фирмой C | K1: Доп. Условия
A2: Абакан | B2: 10 | C2: {=_xlfn.XLOOKUP(1, ('price A'!$A$3:$A$27 = demand!$A2) * 1, _xlfn.XLOOKUP(1, ( 'price A'!$B$2:$D$2 = demand!$B2) * 1, 'price A'!$B$3:$D$27))} -> 400 | D2: =$L$2 * $C2 * $B2 -> 4480 | E2: {=_xlfn.XLOOKUP(1, ('price B'!$A$3:$A$27 = demand!$A2) * 1, _xlfn.XLOOKUP(1, ( 'price B'!$B$2:$D$2 = demand!$B2) * 1, 'price B'!$B$3:$D$27))} -> 420 | F2: =(1 - $L$3) * $E2 * $B2 -> 3990 | G2: {=_xlfn.XLOOKUP(1, ('price C'!$A$3:$A$27 = demand!$A2) * 1, _xlfn.XLOOKUP(1, ( 'price C'!$B$2:$D$2 = demand!$B2) * 1, 'price C'!$B$3:$D$27))} -> 450 | H2: {=_xlfn.XLOOKUP(1, ('price C'!$A$3:$A$27 = demand!$A2) * 1, 'price C'!$E$3:$E$27)} -> 0.95 | I2: =$G2 * $H2 * $L$4 * $B2 -> 4788 | K2: Тариф Фирмы A | L2: 1.12
A3: Архангельск | B3: 10 | C3: {=_xlfn.XLOOKUP(1, ('price A'!$A$3:$A$27 = demand!$A3) * 1, _xlfn.XLOOKUP(1, ( 'price A'!$B$2:$D$2 = demand!$B3) * 1, 'price A'!$B$3:$D$27))} -> 450 | D3: =$L$2 * $C3 * $B3 -> 5040 | E3: {=_xlfn.XLOOKUP(1, ('price B'!$A$3:$A$27 = demand!$A3) * 1, _xlfn.XLOOKUP(1, ( 'price B'!$B$2:$D$2 = demand!$B3) * 1, 'price B'!$B$3:$D$27))} -> 473 | F3: =(1 - $L$3) * $E3 * $B3 -> 4493.5 | G3: {=_xlfn.XLOOKUP(1, ('price C'!$A$3:$A$27 = demand!$A3) * 1, _xlfn.XLOOKUP(1, ( 'price C'!$B$2:$D$2 = demand!$B3) * 1, 'price C'!$B$3:$D$27))} -> 450 | H3: {=_xlfn.XLOOKUP(1, ('price C'!$A$3:$A$27 = demand!$A3) * 1, 'price C'!$E$3:$E$27)} -> 0.98 | I3: =$G3 * $H3 * $L$4 * $B3 -> 4939.2 | K3: Скидка Фирмы B | L3: 0.05
A4: Астрахань | B4: 10 | C4: {=_xlfn.XLOOKUP(1, ('price A'!$A$3:$A$27 = demand!$A4) * 1, _xlfn.XLOOKUP(1, ( 'price A'!$B$2:$D$2 = demand!$B4) * 1, 'price A'!$B$3:$D$27))} -> 700 | D4: =$L$2 * $C4 * $B4 -> 7840 | E4: {=_xlfn.XLOOKUP(1, ('price B'!$A$3:$A$27 = demand!$A4) * 1, _xlfn.XLOOKUP(1, ( 'price B'!$B$2:$D$2 = demand!$B4) * 1, 'price B'!$B$3:$D$27))} -> 735 | F4: =(1 - $L$3) * $E4 * $B4 -> 6982.5 | G4: {=_xlfn.XLOOKUP(1, ('price C'!$A$3:$A$27 = demand!$A4) * 1, _xlfn.XLOOKUP(1, ( 'price C'!$B$2:$D$2 = demand!$B4) * 1, 'price C'!$B$3:$D$27))} -> 450 | H4: {=_xlfn.XLOOKUP(1, ('price C'!$A$3:$A$27 = demand!$A4) * 1, 'price C'!$E$3:$E$27)} -> 2 | I4: =$G4 * $H4 * $L$4 * $B4 -> 10080 | K4: Тариф Фирмы С | L4: 1.12
A5: Барнаул | B5: 10 | C5: {=_xlfn.XLOOKUP(1, ('price A'!$A$3:$A$27 = demand!$A5) * 1, _xlfn.XLOOKUP(1, ( 'price A'!$B$2:$D$2 = demand!$B5) * 1, 'price A'!$B$3:$D$27))} -> 400 | D5: =$L$2 * $C5 * $B5 -> 4480 | E5: {=_xlfn.XLOOKUP(1, ('price B'!$A$3:$A$27 = demand!$A5) * 1, _xlfn.XLOOKUP(1, ( 'price B'!$B$2:$D$2 = demand!$B5) * 1, 'price B'!$B$3:$D$27))} -> 420 | F5: =(1 - $L$3) * $E5 * $B5 -> 3990 | G5: {=_xlfn.XLOOKUP(1, ('price C'!$A$3:$A$27 = demand!$A5) * 1, _xlfn.XLOOKUP(1, ( 'price C'!$B$2:$D$2 = demand!$B5) * 1, 'price C'!$B$3:$D$27))} -> 450 | H5: {=_xlfn.XLOOKUP(1, ('price C'!$A$3:$A$27 = demand!$A5) * 1, 'price C'!$E$3:$E$27)} -> 0.5 | I5: =$G5 * $H5 * $L$4 * $B5 -> 2520
A6: Белгород | B6: 10 | C6: {=_xlfn.XLOOKUP(1, ('price A'!$A$3:$A$27 = demand!$A6) * 1, _xlfn.XLOOKUP(1, ( 'price A'!$B$2:$D$2 = demand!$B6) * 1, 'price A'!$B$3:$D$27))} -> 400 | D6: =$L$2 * $C6 * $B6 -> 4480 | E6: {=_xlfn.XLOOKUP(1, ('price B'!$A$3:$A$27 = demand!$A6) * 1, _xlfn.XLOOKUP(1, ( 'price B'!$B$2:$D$2 = demand!$B6) * 1, 'price B'!$B$3:$D$27))} -> 420 | F6: =(1 - $L$3) * $E6 * $B6 -> 3990 | G6: {=_xlfn.XLOOKUP(1, ('price C'!$A$3:$A$27 = demand!$A6) * 1, _xlfn.XLOOKUP(1, ( 'price C'!$B$2:$D$2 = demand!$B6) * 1, 'price C'!$B$3:$D$27))} -> 450 | H6: {=_xlfn.XLOOKUP(1, ('price C'!$A$3:$A$27 = demand!$A6) * 1, 'price C'!$E$3:$E$27)} -> 1.2 | I6: =$G6 * $H6 * $L$4 * $B6 -> 6048
A7: Благовещенск | B7: 10 | C7: {=_xlfn.XLOOKUP(1, ('price A'!$A$3:$A$27 = demand!$A7) * 1, _xlfn.XLOOKUP(1, ( 'price A'!$B$2:$D$2 = demand!$B7) * 1, 'price A'!$B$3:$D$27))} -> 400 | D7: =$L$2 * $C7 * $B7 -> 4480 | E7: {=_xlfn.XLOOKUP(1, ('price B'!$A$3:$A$27 = demand!$A7) * 1, _xlfn.XLOOKUP(1, ( 'price B'!$B$2:$D$2 = demand!$B7) * 1, 'price B'!$B$3:$D$27))} -> 420 | F7: =(1 - $L$3) * $E7 * $B7 -> 3990 | G7: {=_xlfn.XLOOKUP(1, ('price C'!$A$3:$A$27 = demand!$A7) * 1, _xlfn.XLOOKUP(1, ( 'price C'!$B$2:$D$2 = demand!$B7) * 1, 'price C'!$B$3:$D$27))} -> 450 | H7: {=_xlfn.XLOOKUP(1, ('price C'!$A$3:$A$27 = demand!$A7) * 1, 'price C'!$E$3:$E$27)} -> 1 | I7: =$G7 * $H7 * $L$4 * $B7 -> 5040
A8: Брянск | B8: 10 | C8: {=_xlfn.XLOOKUP(1, ('price A'!$A$3:$A$27 = demand!$A8) * 1, _xlfn.XLOOKUP(1, ( 'price A'!$B$2:$D$2 = demand!$B8) * 1, 'price A'!$B$3:$D$27))} -> 570 | D8: =$L$2 * $C8 * $B8 -> 6384 | E8: {=_xlfn.XLOOKUP(1, ('price B'!$A$3:$A$27 = demand!$A8) * 1, _xlfn.XLOOKUP(1, ( 'price B'!$B$2:$D$2 = demand!$B8) * 1, 'price B'!$B$3:$D$27))} -> 599 | F8: =(1 - $L$3) * $E8 * $B8 -> 5690.5 | G8: {=_xlfn.XLOOKUP(1, ('price C'!$A$3:$A$27 = demand!$A8) * 1, _xlfn.XLOOKUP(1, ( 'price C'!$B$2:$D$2 = demand!$B8) * 1, 'price C'!$B$3:$D$27))} -> 450 | H8: {=_xlfn.XLOOKUP(1, ('price C'!$A$3:$A$27 = demand!$A8) * 1, 'price C'!$E$3:$E$27)} -> 1.3 | I8: =$G8 * $H8 * $L$4 * $B8 -> 6552
A9: Великие Луки | B9: 10 | C9: {=_xlfn.XLOOKUP(1, ('price A'!$A$3:$A$27 = demand!$A9) * 1, _xlfn.XLOOKUP(1, ( 'price A'!$B$2:$D$2 = demand!$B9) * 1, 'price A'!$B$3:$D$27))} -> 700 | D9: =$L$2 * $C9 * $B9 -> 7840 | E9: {=_xlfn.XLOOKUP(1, ('price B'!$A$3:$A$27 = demand!$A9) * 1, _xlfn.XLOOKUP(1, ( 'price B'!$B$2:$D$2 = demand!$B9) * 1, 'price B'!$B$3:$D$27))} -> 735 | F9: =(1 - $L$3) * $E9 * $B9 -> 6982.5 | G9: {=_xlfn.XLOOKUP(1, ('price C'!$A$3:$A$27 = demand!$A9) * 1, _xlfn.XLOOKUP(1, ( 'price C'!$B$2:$D$2 = demand!$B9) * 1, 'price C'!$B$3:$D$27))} -> 450 | H9: {=_xlfn.XLOOKUP(1, ('price C'!$A$3:$A$27 = demand!$A9) * 1, 'price C'!$E$3:$E$27)} -> 2 | I9: =$G9 * $H9 * $L$4 * $B9 -> 10080
A10: Великий Устюг | B10: 10 | C10: {=_xlfn.XLOOKUP(1, ('price A'!$A$3:$A$27 = demand!$A10) * 1, _xlfn.XLOOKUP(1, ( 'price A'!$B$2:$D$2 = demand!$B10) * 1, 'price A'!$B$3:$D$27))} -> 600 | D10: =$L$2 * $C10 * $B10 -> 6720 | E10: {=_xlfn.XLOOKUP(1, ('price B'!$A$3:$A$27 = demand!$A10) * 1, _xlfn.XLOOKUP(1, ( 'price B'!$B$2:$D$2 = demand!$B10) * 1, 'price B'!$B$3:$D$27))} -> 630 | F10: =(1 - $L$3) * $E10 * $B10 -> 5985 | G10: {=_xlfn.XLOOKUP(1, ('price C'!$A$3:$A$27 = demand!$A10) * 1, _xlfn.XLOOKUP(1, ( 'price C'!$B$2:$D$2 = demand!$B10) * 1, 'price C'!$B$3:$D$27))} -> 450 | H10: {=_xlfn.XLOOKUP(1, ('price C'!$A$3:$A$27 = demand!$A10) * 1, 'price C'!$E$3:$E$27)} -> 0.95 | I10: =$G10 * $H10 * $L$4 * $B10 -> 4788
A11: Владивосток | B11: 10 | C11: {=_xlfn.XLOOKUP(1, ('price A'!$A$3:$A$27 = demand!$A11) * 1, _xlfn.XLOOKUP(1, ( 'price A'!$B$2:$D$2 = demand!$B11) * 1, 'price A'!$B$3:$D$27))} -> 700 | D11: =$L$2 * $C11 * $B11 -> 7840 | E11: {=_xlfn.XLOOKUP(1, ('price B'!$A$3:$A$27 = demand!$A11) * 1, _xlfn.XLOOKUP(1, ( 'price B'!$B$2:$D$2 = demand!$B11) * 1, 'price B'!$B$3:$D$27))} -> 735 | F11: =(1 - $L$3) * $E11 * $B11 -> 6982.5 | G11: {=_xlfn.XLOOKUP(1, ('price C'!$A$3:$A$27 = demand!$A11) * 1, _xlfn.XLOOKUP(1, ( 'price C'!$B$2:$D$2 = demand!$B11) * 1, 'price C'!$B$3:$D$27))} -> 450 | H11: {=_xlfn.XLOOKUP(1, ('price C'!$A$3:$A$27 = demand!$A11) * 1, 'price C'!$E$3:$E$27)} -> 0.9 | I11: =$G11 * $H11 * $L$4 * $B11 -> 4536
A12: Владимир | B12: 10 | C12: {=_xlfn.XLOOKUP(1, ('price A'!$A$3:$A$27 = demand!$A12) * 1, _xlfn.XLOOKUP(1, ( 'price A'!$B$2:$D$2 = demand!$B12) * 1, 'price A'!$B$3:$D$27))} -> 450 | D12: =$L$2 * $C12 * $B12 -> 5040 | E12: {=_xlfn.XLOOKUP(1, ('price B'!$A$3:$A$27 = demand!$A12) * 1, _xlfn.XLOOKUP(1, ( 'price B'!$B$2:$D$2 = demand!$B12) * 1, 'price B'!$B$3:$D$27))} -> 473 | F12: =(1 - $L$3) * $E12 * $B12 -> 4493.5 | G12: {=_xlfn.XLOOKUP(1, ('price C'!$A$3:$A$27 = demand!$A12) * 1, _xlfn.XLOOKUP(1, ( 'price C'!$B$2:$D$2 = demand!$B12) * 1, 'price C'!$B$3:$D$27))} -> 450 | H12: {=_xlfn.XLOOKUP(1, ('price C'!$A$3:$A$27 = demand!$A12) * 1, 'price C'!$E$3:$E$27)} -> 1.5 | I12: =$G12 * $H12 * $L$4 * $B12 -> 7560
A13: Вологда | B13: 10 | C13: {=_xlfn.XLOOKUP(1, ('price A'!$A$3:$A$27 = demand!$A13) * 1, _xlfn.XLOOKUP(1, ( 'price A'!$B$2:$D$2 = demand!$B13) * 1, 'price A'!$B$3:$D$27))} -> 500 | D13: =$L$2 * $C13 * $B13 -> 5600 | E13: {=_xlfn.XLOOKUP(1, ('price B'!$A$3:$A$27 = demand!$A13) * 1, _xlfn.XLOOKUP(1, ( 'price B'!$B$2:$D$2 = demand!$B13) * 1, 'price B'!$B$3:$D$27))} -> 525 | F13: =(1 - $L$3) * $E13 * $B13 -> 4987.5 | G13: {=_xlfn.XLOOKUP(1, ('price C'!$A$3:$A$27 = demand!$A13) * 1, _xlfn.XLOOKUP(1, ( 'price C'!$B$2:$D$2 = demand!$B13) * 1, 'price C'!$B$3:$D$27))} -> 450 | H13: {=_xlfn.XLOOKUP(1, ('price C'!$A$3:$A$27 = demand!$A13) * 1, 'price C'!$E$3:$E$27)} -> 1 | I13: =$G13 * $H13 * $L$4 * $B13 -> 5040
A14: Воркута | B14: 10 | C14: {=_xlfn.XLOOKUP(1, ('price A'!$A$3:$A$27 = demand!$A14) * 1, _xlfn.XLOOKUP(1, ( 'price A'!$B$2:$D$2 = demand!$B14) * 1, 'price A'!$B$3:$D$27))} -> 600 | D14: =$L$2 * $C14 * $B14 -> 6720 | E14: {=_xlfn.XLOOKUP(1, ('price B'!$A$3:$A$27 = demand!$A14) * 1, _xlfn.XLOOKUP(1, ( 'price B'!$B$2:$D$2 = demand!$B14) * 1, 'price B'!$B$3:$D$27))} -> 630 | F14: =(1 - $L$3) * $E14 * $B14 -> 5985 | G14: {=_xlfn.XLOOKUP(1, ('price C'!$A$3:$A$27 = demand!$A14) * 1, _xlfn.XLOOKUP(1, ( 'price C'!$B$2:$D$2 = demand!$B14) * 1, 'price C'!$B$3:$D$27))} -> 450 | H14: {=_xlfn.XLOOKUP(1, ('price C'!$A$3:$A$27 = demand!$A14) * 1, 'price C'!$E$3:$E$27)} -> 0.7 | I14: =$G14 * $H14 * $L$4 * $B14 -> 3528
A15: Воронеж | B15: 10 | C15: {=_xlfn.XLOOKUP(1, ('price A'!$A$3:$A$27 = demand!$A15) * 1, _xlfn.XLOOKUP(1, ( 'price A'!$B$2:$D$2 = demand!$B15) * 1, 'price A'!$B$3:$D$27))} -> 450 | D15: =$L$2 * $C15 * $B15 -> 5040 | E15: {=_xlfn.XLOOKUP(1, ('price B'!$A$3:$A$27 = demand!$A15) * 1, _xlfn.XLOOKUP(1, ( 'price B'!$B$2:$D$2 = demand!$B15) * 1, 'price B'!$B$3:$D$27))} -> 473 | F15: =(1 - $L$3) * $E15 * $B15 -> 4493.5 | G15: {=_xlfn.XLOOKUP(1, ('price C'!$A$3:$A$27 = demand!$A15) * 1, _xlfn.XLOOKUP(1, ( 'price C'!$B$2:$D$2 = demand!$B15) * 1, 'price C'!$B$3:$D$27))} -> 450 | H15: {=_xlfn.XLOOKUP(1, ('price C'!$A$3:$A$27 = demand!$A15) * 1, 'price C'!$E$3:$E$27)} -> 1.5 | I15: =$G15 * $H15 * $L$4 * $B15 -> 7560
A16: Выборг | B16: 10 | C16: {=_xlfn.XLOOKUP(1, ('price A'!$A$3:$A$27 = demand!$A16) * 1, _xlfn.XLOOKUP(1, ( 'price A'!$B$2:$D$2 = demand!$B16) * 1, 'price A'!$B$3:$D$27))} -> 500 | D16: =$L$2 * $C16 * $B16 -> 5600 | E16: {=_xlfn.XLOOKUP(1, ('price B'!$A$3:$A$27 = demand!$A16) * 1, _xlfn.XLOOKUP(1, ( 'price B'!$B$2:$D$2 = demand!$B16) * 1, 'price B'!$B$3:$D$27))} -> 525 | F16: =(1 - $L$3) * $E16 * $B16 -> 4987.5 | G16: {=_xlfn.XLOOKUP(1, ('price C'!$A$3:$A$27 = demand!$A16) * 1, _xlfn.XLOOKUP(1, ( 'price C'!$B$2:$D$2 = demand!$B16) * 1, 'price C'!$B$3:$D$27))} -> 450 | H16: {=_xlfn.XLOOKUP(1, ('price C'!$A$3:$A$27 = demand!$A16) * 1, 'price C'!$E$3:$E$27)} -> 1.5 | I16: =$G16 * $H16 * $L$4 * $B16 -> 7560
... A124: др города | B124: 50 | C124: {=_xlfn.XLOOKUP(1, ('price A'!$A$3:$A$27 = demand!$A124) * 1, _xlfn.XLOOKUP(1, ( 'price A'!$B$2:$D$2 = demand!$B124) * 1, 'price A'!$B$3:$D$27))} -> 665 | D124: =$L$2 * $C124 * $B124 -> 37240 | E124: {=_xlfn.XLOOKUP(1, ('price B'!$A$3:$A$27 = demand!$A124) * 1, _xlfn.XLOOKUP(1, ( 'price B'!$B$2:$D$2 = demand!$B124) * 1, 'price B'!$B$3:$D$27))} -> 698 | F124: =(1 - $L$3) * $E124 * $B124 -> 33155 | G124: {=_xlfn.XLOOKUP(1, ('price C'!$A$3:$A$27 = demand!$A124) * 1, _xlfn.XLOOKUP(1, ( 'price C'!$B$2:$D$2 = demand!$B124) * 1, 'price C'!$B$3:$D$27))} -> 400 | H124: {=_xlfn.XLOOKUP(1, ('price C'!$A$3:$A$27 = demand!$A124) * 1, 'price C'!$E$3:$E$27)} -> 1.5 | I124: =$G124 * $H124 * $L$4 * $B124 -> 33600
A125: Итог | D125: =SUM(D2:D124) -> 2010993.6 | F125: =SUM(F2:F124) -> 1804705.5 | I125: =SUM(I2:I124) -> 1997056.3

Sheet answer
A1: Итоги | C1: Экономия в единицах относительно самого дорогого | D1: Экономия в процентах относительно самого дорогого
A2: Sum of Итог с Фирмой B | B2: 1804705.5 | C2: =GETPIVOTDATA("Sum of Итог с Фирмой A",$A$1) - GETPIVOTDATA("Sum of Итог с Фирмой B",$A$1) -> 206288.1 | D2: =1 - (GETPIVOTDATA("Sum of Итог с Фирмой B",$A$1) / GETPIVOTDATA("Sum of Итог с Фирмой A",$A$1)) -> 0.10258019
A3: Sum of Итог с Фирмой C | B3: 1997056.3 | C3: =GETPIVOTDATA("Sum of Итог с Фирмой A",$A$1) - GETPIVOTDATA("Sum of Итог с Фирмой C",$A$1) -> 13937.28 | D3: =1 - (GETPIVOTDATA("Sum of Итог с Фирмой C",$A$1) / GETPIVOTDATA("Sum of Итог с Фирмой A",$A$1)) -> 0.0069305442
A4: Sum of Итог с Фирмой A | B4: 2010993.6 | C4: =GETPIVOTDATA("Sum of Итог с Фирмой A",$A$1) - GETPIVOTDATA("Sum of Итог с Фирмой A",$A$1) -> 0 | D4: 0
A6: Расчет суммы затрат для удовлетворения потребности по предлагаемым тарифам выявил, что наиболее выгодным предложением является тариф фирмы В, который дешевле самого дорого тарифа фирмы A на 10% или 204288 единиц

Sheet Сводная по фирмам
A3: Итог по фирмам
A4: Sum of Итог с Фирмой A | B4: 2010993.6
A5: Sum of Итог с Фирмой B | B5: 1804705.5
A6: Sum of Итог с Фирмой C | B6: 1997056.3
